1;0.88236;86;4;38.482;-62615;29.871;84;1;168;0;0.45782;1;0.11144;0.14892;0.57217;0.54312;0.032065;0.05095
1;0.90886;86;4;38.488;-62715;25.655;84;1;168;0;0.35023;0;0.25995;0.33764;0.37535;0.71469;0.2868;0.14889
1;0.86916;85;3;38.468;-62394;25.077;84;0;168;0;0.48033;1;0.20204;0.30538;0.4844;0.43603;0.13915;0.058338
1;0.9684;85;3;4;-62347;18.543;84;0;168;0;0.31891;1;0.11655;0.33103;0.59957;0.55843;0.062886;0.02287
1;0.67223;85;3;38.469;-62394;22.702;84;0;168;0;0.30475;0;0.1771;0.071404;0.46246;0.39207;0.067852;0.055139
1;0.69216;85;3;38.485;-62648;21.943;84;0;168;0;0.28737;1;0.19759;0.13182;0.45049;0.36299;0.011973;0.049228
1;1.1;85;3;4;0;18.343;84;-0.45221;168;0;0.28183;1;0.41424;0.50287;0.24614;0.84656;0.31758;0.14061
1;0.98548;85;3;38.459;0;17.257;84;0.02963;168;0;0.052803;1;0.25502;0.48857;0.62786;0.60643;0.13617;0.047895
1;0.68722;85;2;38.465;0;21.119;84;0.27474;168;0;0.20367;1;0.21381;0.19591;0.38234;0.3829;0.089833;0.0072947
1;0.83245;86;4;38.478;0;37.543;84;0.89619;168;0;0.35635;1;0.28887;0.054022;0.54563;0.55033;0.12891;0.029699
1;10.264;85;3;38.472;0;22.858;84;-0.62785;168;0;0.28013;1;0.35834;0.31046;0.69318;0.71901;0.18308;0.064755
1;0.76315;85;3;38.465;0;29.936;84;-0.40929;168;0;0.24558;0;0.27877;0.10518;0.57175;0.28837;0.19077;0.074462
1;0.75433;85;3;38.474;0;18.347;84;0.15123;168;0;0.13128;1;0.28799;0.38212;0.21549;0.30382;0.11091;0.038802
1;0.97289;85;3;38.471;0;21.311;84;-0.40617;168;0;0.41755;1;0.41442;0.49228;0.35549;0.53077;0.19084;0.13856
1;0.97172;86;4;38.484;0;32.205;84;10.219;168;0;0.30147;1;0.37081;0.16131;0.6247;0.63615;0.17213;0.046886
1;0.92672;85;3;38.477;0;22.801;84;-0.44629;168;0;0.35676;1;0.29894;0.32921;0.57176;0.57414;0.076963;0.085241
1;0.9374;85;3;38.433;0;21.193;84;-0.014495;167;0;0.56547;0;0.25669;0.3637;0.60492;0.35329;0.20009;0.1234
1;0.87294;85;3;38.469;0;25.102;84;-0.40524;168;0;0.43334;1;0.1521;0.3784;0.51035;0.48016;0.12851;0.052607
1;10.134;85;4;38.449;0;19.145;84;-0.075347;167;0;0.40963;0;0.28369;0.42581;0.60878;0.73136;0.16635;0.096766
1;0.94291;86;4;38.466;0;2.9;84;0.92572;168;0;0.3385;1;0.14202;0.16841;0.60519;0.49399;0.09909;0.092598
1;0.69212;85;3;38.484;0;22.959;84;-0.058994;168;0;0.27967;0;0.10335;0.42776;0.49199;0.42289;0.19802;0.06257
1;0.8348;86;4;3.847;0;25.899;84;0.57572;168;0;0.52179;1;0.099132;0.122;0.31386;0.46624;0.24655;0.080061
1;0.96551;86;5;38.484;0;29.841;84;-0.26413;168;0;0.1156;1;0.14811;0.19789;0.67517;0.60732;0.14656;0.17738
1;0.74227;85;3;3.847;0;19.558;84;0.18329;168;0;0.27087;1;0.2045;0.14131;0.37087;0.4595;0.058961;0.096957
1;0.73243;85;3;4;0;2.009;84;0.098447;168;0;0.30901;1;0.050302;0.033365;0.49272;0.46302;0.076694;0.056671
1;0.91625;85;3;4;0;22.551;84;-0.35884;168;0;0.30224;1;0.050124;0.090054;0.67781;0.41706;0.094451;0.13939
1;0.9633;85;3;38.487;0;22.111;84;-0.5645;168;0;0.37853;1;0.12311;0.2991;0.73882;0.40855;0.25868;0.21332
1;0.9175;85;3;38.475;0;23.092;84;-0.42922;168;0;0.38039;1;0.27337;0.30073;0.56727;0.57704;0.10284;0.11519
1;0.76359;85;2;38.467;0;17.723;84;0.30906;168;0;0.31663;1;0.28755;0.10779;0.51429;0.22892;0.11165;0.068822
1;0.78864;85;3;38.483;0;16.712;84;0.0071494;168;0;0.55364;0;0.14852;0.18701;0.49488;0.46867;0.086497;0.031084
1;0.99523;85;3;38.462;0;22.406;84;-0.50489;168;0;0.39343;1;0.36171;0.35245;0.55487;0.5663;0.092644;0.13578
1;0.62369;85;3;4;0;26.795;84;0.0083897;168;0;0.18919;1;0.14802;0.22937;0.3446;0.19635;0.16468;0.11253
1;0.72935;85;3;38.452;0;20.921;84;0.54294;167;0;0.19554;0;0.32243;0.19972;0.41551;0.43285;0.0064746;0.094657
1;0.68854;85;3;38.466;0;2.238;84;0.18715;168;0;0.099131;0;0.25898;0.54134;0.46255;0.33211;0.092005;0.091722
1;0.7403;85;3;38.477;0;19.016;84;0.10078;168;0;0.0661;0;0.26253;0.31789;0.53749;0.53396;0.08168;0.083766
1;0.67223;85;3;38.469;0;22.702;84;0.15889;168;0;0.098578;0;0.30543;0.20496;0.45421;0.45836;0.009102;0.077985
1;0.78162;86;3;38.469;0;50.649;84;1.285;168;0;0.37977;1;0.12749;0.35507;0.39224;0.46058;0.068933;0.095436
1;0.81452;86;4;38.483;0;38.907;84;0.88324;168;0;0.28224;1;0.35349;0.13478;0.5011;0.46298;0.070077;0.091245
1;0.82885;85;3;4;0;20.207;84;0.064481;168;0;0.1711;0;0.21028;0.48271;0.34991;0.65264;0.23747;0.10977
1;0.76695;85;3;4;0;18.848;84;0.14004;168;0;0.35932;0;0.15381;0.42684;0.48666;0.39737;0.26331;0.091273
1;0.70967;85;2;38.468;0;20.014;84;0.25714;168;0;0.11552;1;0.17697;0.24334;0.41564;0.46716;0.039966;0.13097
1;0.68882;85;3;38.468;0;2.389;84;0.07708;168;0;0.084656;0;0.16183;0.3639;0.52372;0.43967;0.12973;0.04616
1;0.82991;85;3;38.479;0;33.434;84;-0.77349;168;0;0.16292;0;0.23058;0.3289;0.63567;0.42236;0.20884;0.17049
1;0.88501;85;3;38.486;0;2.942;84;-0.73892;168;0;0.56502;0;0.12519;0.31835;0.38715;0.55772;0.2028;0.070584
1;0.72916;85;3;38.475;0;19.599;84;0.11726;168;0;0.29624;1;0.055363;0.026518;0.49666;0.46324;0.07589;0.057148
1;0.88472;86;3;3.847;0;33.452;84;0.9719;168;0;0.27161;1;0.098301;0.19103;0.58576;0.38058;0.11335;0.044669
1;0.63082;85;3;38.476;0;26.139;84;0.021864;168;0;0.11995;0;0.056084;0.3362;0.52488;0.39507;0.19356;0.026998
1;0.73263;85;3;38.493;0;19.674;84;-0.15136;168;0;0.017193;0;0.028523;0.13444;0.53799;0.53801;0.023089;0.027725
1;0.70445;85;3;38.473;0;20.936;84;0.13963;168;0;0.43519;0;0.025575;0.13861;0.24752;0.5172;0.13237;0.088638
1;0.83228;86;4;38.489;0;33.674;84;0.70322;168;0;0.094918;1;0.11138;0.17863;0.52179;0.41506;0.066546;0.13175
1;0.56745;85;3;38.485;0;3.338;84;-0.066908;168;0;0.27571;0;0.081175;0.23968;0.40546;0.31814;0.097921;0.067564
1;0.84288;85;3;38.464;0;26.783;84;-0.42157;168;0;0.18318;1;0.13095;0.16583;0.59894;0.43122;0.024818;0.13685
1;0.8991;86;4;38.469;0;27.967;84;-0.1803;168;0;0.33677;1;0.14305;0.16122;0.58482;0.58214;0.1616;0.10782
1;0.93709;86;4;38.507;0;2.544;84;0.54319;168;0;0.32573;1;0.18956;0.15502;0.41293;0.70879;0.24126;0.064202
1;0.59423;85;3;38.482;0;33.754;84;-0.16302;168;0;0.24309;0;0.056527;0.20064;0.44243;0.28734;0.13263;0.085989
1;0.69638;85;3;38.484;0;22.646;84;-0.054729;168;0;0.34855;0;0.17698;0.18855;0.37153;0.39372;0.036468;0.090835
1;0.73108;85;2;38.478;0;18.779;84;0.1016;168;0;0.25464;1;0.072051;0.086475;0.47336;0.47708;0.08809;0.09429
1;0.82674;86;3;38.495;0;31.172;84;0.65321;168;0;0.066377;1;0.20098;0.18868;0.47355;0.47147;0.047959;0.049451
1;0.85189;86;4;38.495;0;35.325;84;0.3118;168;0;0.40045;0;0.056854;0.31464;0.60605;0.39433;0.18007;0.1391
1;0.74364;85;3;38.476;0;19.493;84;0.083169;168;0;0.055774;0;0.24846;0.31526;0.53888;0.53388;0.083704;0.095284
1;0.92881;85;4;38.476;-62524;2.391;84;0;168;0;0.25035;1;0.036881;0.18917;0.69324;0.53455;0.086345;0.029013
1;0.88241;85;3;38.486;-62667;29.065;84;-1;168;0;0.28301;0;0.060201;0.28115;0.73624;0.44266;0.224;0.18274
1;0.83273;85;3;38.499;-62882;2.493;84;-1;168;0;0.15038;0;0.19061;0.16956;0.64444;0.60016;0.083439;0.12299
1;10.764;85;3;38.491;-62763;21.225;84;-1;168;0;0.27767;1;0.049215;0.17779;0.81647;0.66279;0.176;0.17879
1;0.84383;86;4;38.493;-62781;30.891;84;1;168;0;0.28546;1;0.14023;0.22254;0.55845;0.45104;0.1047;0.077066
1;0.74351;85;3;38.492;-62769;19.937;84;0;168;0;0.22897;1;0.079252;0.075775;0.54589;0.42745;0.028707;0.045861
1;1.057;86;4;4;0;24.764;84;-0.31552;168;0;0.25794;1;0.17968;0.41652;0.46809;0.69054;0.35477;0.22995
1;0.88216;86;4;3.85;0;25.918;84;0.34229;168;0;0.18349;1;0.073997;0.20761;0.65184;0.5862;0.074912;0.084882
1;0.75321;85;3;38.495;0;18.675;84;-0.19174;168;0;0.29671;0;0.2613;0.24868;0.55763;0.37197;0.17387;0.070596
1;0.84341;86;4;38.504;0;27.231;84;0.39501;168;0;0.24104;1;0.12097;0.25393;0.58363;0.43973;0.22362;0.076082
1;0.99679;86;4;4;0;2.114;84;0.2569;169;0;0.077237;1;0.16188;0.21993;0.76889;0.72175;0.07448;0.087538
1;0.71829;85;3;38.495;0;20.532;84;-0.18002;168;0;0.3015;0;0.14447;0.39524;0.33707;0.46151;0.11528;0.11317
1;0.88152;86;4;3.85;0;25.157;84;0.38771;168;0;0.15173;1;0.21056;0.35453;0.50731;0.40851;0.15488;0.067728
1;0.86974;86;4;38.487;0;29.185;84;0.64371;168;0;0.25574;0;0.21462;0.33602;0.36332;0.67958;0.18597;0.073749
1;0.76949;85;3;38.471;0;18.227;84;0.18498;168;0;0;1;0.13491;0.049541;0.45482;0.40892;0.1293;0.037855
1;0.79144;86;3;38.484;0;40.083;84;0.95122;168;0;0.17409;1;0.11737;0.25429;0.44561;0.37591;0.10635;0.090917
1;0.74073;85;3;38.458;0;23.906;84;0.1061;167;0;0.017233;0.41912;0.29507;0.15671;0.54968;0.45037;0.12278;0.11207
1;0.79534;85;3;38.464;0;17.137;84;0.35517;168;0;0.18129;1;0.13503;0.094246;0.51824;0.45996;0.054235;0.11882
1;0.91003;86;3;4;0;27.215;84;0.71553;168;0;0.25117;1;0.28961;0.35056;0.50401;0.37102;0.18451;0.12941
1;0.86808;86;4;38.469;0;35.509;84;0.98739;168;0;0.15974;1;0.20825;0.376;0.55525;0.46689;0.17984;0.10866
1;0.83031;86;3;38.493;0;31.106;84;0.66071;168;0;0.047499;1;0.187;0.16124;0.49736;0.46236;0.045654;0.061637
1;0.69854;85;2;38.484;0;20.534;84;0.018735;168;0;0.27545;1;0.15809;0.090274;0.47155;0.38187;0.016766;0.049544
1;0.84447;86;4;38.477;0;36.635;84;0.89894;168;0;0.21167;1;0.22422;0.27516;0.6448;0.46684;0.17099;0.071518
1;0.8846;86;4;3.849;0;32.548;84;0.34026;168;0;0.25376;1;0.074323;0.46303;0.35055;0.62977;0.10937;0.18386
1;1.038;86;4;3.85;0;26.441;84;-0.31538;168;0;0.22844;1;0.016724;0.061314;0.7514;0.68772;0.046861;0.081168
1;10.256;85;3;38.475;0;16.737;84;-0.24611;168;0;0.1392;1;0.24935;0.40782;0.56148;0.57716;0.10682;0.026162
1;0.87899;85;3;38.484;0;28.579;84;-0.67996;168;0;0.17115;1;0.17714;0.094533;0.6812;0.59536;0.074359;0.050575
1;0.78647;85;3;38.485;0;16.813;84;-0.014005;168;0;0.15177;0;0.095883;0.14361;0.63851;0.61684;0.097207;0.07877
1;0.99738;85;3;38.494;0;21.243;84;-0.6368;168;0;0.42905;1;0.0781;0.40239;0.41815;0.78411;0.065875;0.043475
1;0.71676;85;3;38.481;0;21.147;84;0.0022888;168;0;0.1402;1;0.17849;0.098287;0.55035;0.31848;0.091957;0.0043517
1;0.82572;85;3;38.485;0;15.722;84;-0.045825;168;0;0.23256;1;0.16377;0.27227;0.4402;0.47855;0.023406;0.051016
1;10.429;86;4;38.499;0;26.228;84;-0.30919;168;0;0.22205;1;0.016209;0.058793;0.73265;0.70662;0.055925;0.08272
1;0.78272;85;3;38.501;0;18.479;84;-0.32559;168;0;0.15258;0;0.18896;0.22104;0.59329;0.57035;0.099976;0.038481
1;0.95847;86;4;38.493;0;21.231;84;0.35437;168;1;0.12978;1;0.18763;0.2461;0.69119;0.52049;0.10877;0.14675
1;0.74995;85;3;38.478;0;19.168;84;0.056771;168;0;0.12057;1;0.080642;0.1294;0.53459;0.39373;0.061033;0.045921
1;0.86651;85;3;38.486;0;30.607;84;-0.7525;168;0;0.1923;1;0.21384;0.12696;0.6306;0.62002;0.096881;0.027194
1;0.86738;85;3;38.501;0;15.099;84;-0.34217;168;0;0;1;0.089273;0.23992;0.63228;0.5673;0.13326;0.012285
1;0.93506;86;4;38.498;0;2.865;84;0.059924;168;0;0.11012;0;0.15325;0.069763;0.70532;0.66196;0.12367;0.11886
1;10.459;86;4;38.506;0;21.442;84;-0.2424;168;0;0.20118;1;0.19054;0.25196;0.59645;0.74388;0.17609;0.2758
1;10.178;86;4;38.491;0;28.426;84;-0.141;168;0;0.17413;1;0.26056;0.21208;0.80439;0.66641;0.068129;0.07966
1;0.8813;86;4;38.494;0;27.007;84;0.48553;168;0;0.024944;1;0.22178;0.33023;0.73367;0.2283;0.20444;0.19536
1;0.82133;86;4;38.514;0;26.915;84;0.2662;169;0;0.23275;1;0.20934;0.017738;0.6616;0.4472;0.014891;0.11541
1;0.8733;86;4;3.85;0;25.503;84;0.38642;168;0;0.16745;1;0.023734;0.13475;0.63989;0.51531;0.014378;0.062517
1;0.95042;86;4;38.509;0;24.153;84;-0.09539;168;0;0.026597;1;0.22693;0.29131;0.65708;0.54998;0.15542;0.20081
1;0.70214;86;3;38.509;0;41.241;84;0.98696;168;0;0.13316;1;0.36451;0.16023;0.4262;0.37421;0.065947;0.15759
1;0.70545;86;3;38.508;0;41.133;84;0.97491;168;0;0.099092;1;0.25919;0.21093;0.13608;0.40012;0.036924;0.13825
1;0.89516;86;3;38.509;0;29.762;84;0.82634;168;0;0.18303;1;0.19294;0.15784;0.49209;0.47458;0.098047;0.015241
1;0.85988;86;4;38.489;0;30.085;84;0.61133;168;0;0.046142;1;0.1456;0.10596;0.53006;0.49237;0.10377;0.11555
1;0.78861;86;4;38.511;0;3.054;84;0.45014;169;0;0.10195;1;0.11163;0.18511;0.50988;0.47252;0.095957;0.10621
1;0.87782;86;4;3.85;0;25.415;84;0.39284;168;0;0.16313;1;0.026531;0.13303;0.63865;0.5172;0.015626;0.053249
1;0.85265;86;4;38.496;0;35.433;84;0.32382;168;0;0.34536;1;0.077107;0.28673;0.61523;0.23234;0.20344;0.050775
1;0.81398;86;4;38.508;0;2.971;84;0.3901;168;0;0.2562;1;0.14165;0.15132;0.6426;0.49107;0.087254;0.090148
1;0.72323;85;3;38.496;0;21.313;84;-0.21955;168;0;0.20127;1;0.091526;0.12197;0.52714;0.41164;0.047735;0.084628
1;0.94049;86;4;38.507;0;25.605;84;-0.08253;168;0;0.062283;0;0.22472;0.096113;0.72966;0.69117;0.045216;0.15066
1;0.90989;86;4;38.509;0;23.287;84;0.1051;168;0;0.12356;1;0.17897;0.1636;0.63992;0.60795;0.033432;0.065455
1;0.78145;85;3;38.485;0;24.659;84;-0.31991;168;0;0.15072;0;0.16556;0.22395;0.44218;0.54309;0.14137;0.14281
1;0.94374;86;4;38.496;0;21.573;84;0.31722;168;0;0.064036;1;0.16602;0.15145;0.734;0.50101;0.10359;0.080493
1;0.85819;85;3;3.849;0;1.464;84;-0.13584;168;0;0.16262;1;0.26224;0.20171;0.45334;0.57638;0.14831;0.085783
1;0.92874;85;3;38.491;0;26.602;84;-0.73193;168;0;0.07043;1;0.1369;0.18186;0.66901;0.60343;0.057829;0.067313
1;0.96069;85;3;38.485;0;21.694;84;-0.51816;168;0;0.3703;1;0.18379;0.166;0.67792;0.65105;0.061621;0.05767
1;0.92881;85;4;38.476;-62524;2.391;83.922;-0.47211;167.83;0.2418;0.25035;0.68375;0.036881;0.18917;0.69324;0.53455;0.086345;0.029013
1;0.88241;85;3;38.486;-62667;29.065;84.009;-0.71595;168.01;0.092937;0.28301;0.46956;0.060201;0.28115;0.73624;0.44266;0.224;0.18274
1;0.83273;85;3;38.499;-62882;2.493;84.138;-0.58378;168.27;0.15672;0.15038;0.42953;0.19061;0.16956;0.64444;0.60016;0.083439;0.12299
1;10.764;85;3;38.491;-62763;21.225;84.066;-0.71731;168.12;0.15664;0.27767;0.66991;0.049215;0.17779;0.81647;0.66279;0.176;0.17879
1;0.84383;86;4;38.493;-62781;30.891;84.077;0.59236;168.15;0.32317;0.28546;0.61917;0.14023;0.22254;0.55845;0.45104;0.1047;0.077066
1;0.74351;85;3;38.492;-62769;19.937;84.07;-0.1657;168.13;0.14549;0.22897;0.56493;0.079252;0.075775;0.54589;0.42745;0.028707;0.045861
1;1.057;86;4;38.501;0;24.764;84.158;-0.31552;168.3;0.091257;0.25794;0.82753;0.17968;0.41652;0.46809;0.69054;0.35477;0.22995
1;0.88216;86;4;3.85;0;25.918;84.147;0.34229;168.28;0.32237;0.18349;0.55824;0.073997;0.20761;0.65184;0.5862;0.074912;0.084882
1;0.75321;85;3;38.495;0;18.675;84.102;-0.19174;168.2;0.27053;0.29671;0.31861;0.2613;0.24868;0.55763;0.37197;0.17387;0.070596
1;0.84341;86;4;38.504;0;27.231;84.188;0.39501;168.37;0.13801;0.24104;0.65288;0.12097;0.25393;0.58363;0.43973;0.22362;0.076082
1;0.99679;86;4;38.517;0;2.114;84.318;0.2569;168.62;0.32621;0.077237;0.5339;0.16188;0.21993;0.76889;0.72175;0.07448;0.087538
1;0.71829;85;3;38.495;0;20.532;84.102;-0.18002;168.2;0.17483;0.3015;0.40931;0.14447;0.39524;0.33707;0.46151;0.11528;0.11317
1;0.88152;86;4;3.85;0;25.157;84.151;0.38771;168.29;0.23858;0.15173;0.7489;0.21056;0.35453;0.50731;0.40851;0.15488;0.067728
1;0.86974;86;4;38.487;0;29.185;84.026;0.64371;168.04;0.35862;0.25574;0.48472;0.21462;0.33602;0.36332;0.67958;0.18597;0.073749
1;0.76949;85;3;38.471;0;18.227;83.867;0.18498;167.73;0.17126;0.33139;0.65855;0.13491;0.049541;0.45482;0.40892;0.1293;0.037855
1;0.79144;86;3;38.484;0;40.083;83.994;0.95122;167.98;0.30677;0.17409;0.69595;0.11737;0.25429;0.44561;0.37591;0.10635;0.090917
1;0.74073;85;3;38.458;0;23.906;83.743;0.1061;167.48;0.15982;0.017233;0.41912;0.29507;0.15671;0.54968;0.45037;0.12278;0.11207
1;0.79534;85;3;38.464;0;17.137;83.801;0.35517;167.59;0.10875;0.18129;0.69941;0.13503;0.094246;0.51824;0.45996;0.054235;0.11882
1;0.91003;86;3;38.481;0;27.215;83.962;0.71553;167.91;0.37524;0.25117;0.71249;0.28961;0.35056;0.50401;0.37102;0.18451;0.12941
1;0.86808;86;4;38.469;0;35.509;83.853;0.98739;167.7;0.23733;0.15974;0.63737;0.20825;0.376;0.55525;0.46689;0.17984;0.10866
1;0.83031;86;3;38.493;0;31.106;84.083;0.66071;168.16;0.19818;0.047499;0.74915;0.187;0.16124;0.49736;0.46236;0.045654;0.061637
1;0.69854;85;2;38.484;0;20.534;83.989;0.018735;167.97;0.17478;0.27545;0.5343;0.15809;0.090274;0.47155;0.38187;0.016766;0.049544
1;0.84447;86;4;38.477;0;36.635;83.925;0.89894;167.84;0.11733;0.21167;0.56379;0.22422;0.27516;0.6448;0.46684;0.17099;0.071518
1;0.8846;86;4;3.849;0;32.548;84.05;0.34026;168.09;0.24409;0.25376;0.57294;0.074323;0.46303;0.35055;0.62977;0.10937;0.18386
1;1.038;86;4;3.85;0;26.441;84.152;-0.31538;168.29;0.11036;0.22844;0.80462;0.016724;0.061314;0.7514;0.68772;0.046861;0.081168
1;10.256;85;3;38.475;0;16.737;83.91;-0.24611;167.81;0.20482;0.1392;0.87128;0.24935;0.40782;0.56148;0.57716;0.10682;0.026162
1;0.87899;85;3;38.484;0;28.579;83.995;-0.67996;167.98;0.10931;0.17115;0.58941;0.17714;0.094533;0.6812;0.59536;0.074359;0.050575
1;0.78647;85;3;38.485;0;16.813;83.998;-0.014005;167.99;0.21342;0.15177;0.33499;0.095883;0.14361;0.63851;0.61684;0.097207;0.07877
1;0.99738;85;3;38.494;0;21.243;84.091;-0.6368;168.17;0.29085;0.42905;0.60794;0.0781;0.40239;0.41815;0.78411;0.065875;0.043475
1;0.71676;85;3;38.481;0;21.147;83.958;0.0022888;167.91;0.21019;0.1402;0.56094;0.17849;0.098287;0.55035;0.31848;0.091957;0.0043517
1;0.82572;85;3;38.485;0;15.722;84.006;-0.045825;168;0.28213;0.23256;0.67326;0.16377;0.27227;0.4402;0.47855;0.023406;0.051016
1;10.429;86;4;38.499;0;26.228;84.145;-0.30919;168.28;0.10459;0.22205;0.82577;0.016209;0.058793;0.73265;0.70662;0.055925;0.08272
1;0.78272;85;3;38.501;0;18.479;84.157;-0.32559;168.31;0.17627;0.15258;0.41106;0.18896;0.22104;0.59329;0.57035;0.099976;0.038481
1;0.95847;86;4;38.493;0;21.231;84.084;0.35437;168.16;0.52677;0.12978;0.58651;0.18763;0.2461;0.69119;0.52049;0.10877;0.14675
1;0.74995;85;3;38.478;0;19.168;83.934;0.056771;167.86;0.42377;0.12057;0.50038;0.080642;0.1294;0.53459;0.39373;0.061033;0.045921
1;0.86651;85;3;38.486;0;30.607;84.016;-0.7525;168.02;0.086976;0.1923;0.53997;0.21384;0.12696;0.6306;0.62002;0.096881;0.027194
1;0.86738;85;3;38.501;0;15.099;84.16;-0.34217;168.31;0.20656;0.2486;0.54929;0.089273;0.23992;0.63228;0.5673;0.13326;0.012285
1;0.93506;86;4;38.498;0;2.865;84.127;0.059924;168.24;0.37005;0.11012;0.49495;0.15325;0.069763;0.70532;0.66196;0.12367;0.11886
1;10.459;86;4;38.506;0;21.442;84.208;-0.2424;168.4;0.34331;0.20118;0.56132;0.19054;0.25196;0.59645;0.74388;0.17609;0.2758
1;10.178;86;4;38.491;0;28.426;84.065;-0.141;168.12;0.25667;0.17413;0.60393;0.26056;0.21208;0.80439;0.66641;0.068129;0.07966
1;0.8813;86;4;38.494;0;27.007;84.093;0.48553;168.18;0.2847;0.024944;0.5185;0.22178;0.33023;0.73367;0.2283;0.20444;0.19536
1;0.82133;86;4;38.514;0;26.915;84.28;0.2662;168.55;0.30273;0.23275;0.50007;0.20934;0.017738;0.6616;0.4472;0.014891;0.11541
1;0.8733;86;4;3.85;0;25.503;84.152;0.38642;168.3;0.27858;0.16745;0.66749;0.023734;0.13475;0.63989;0.51531;0.014378;0.062517
1;0.95042;86;4;38.509;0;24.153;84.24;-0.09539;168.47;0.20832;0.026597;0.70221;0.22693;0.29131;0.65708;0.54998;0.15542;0.20081
1;0.70214;86;3;38.509;0;41.241;84.232;0.98696;168.46;0.10727;0.13316;0.51889;0.36451;0.16023;0.4262;0.37421;0.065947;0.15759
1;0.70545;86;3;38.508;0;41.133;84.226;0.97491;168.45;0.36963;0.099092;0.62114;0.25919;0.21093;0.13608;0.40012;0.036924;0.13825
1;0.89516;86;3;38.509;0;29.762;84.234;0.82634;168.46;0.27545;0.18303;0.82709;0.19294;0.15784;0.49209;0.47458;0.098047;0.015241
1;0.85988;86;4;38.489;0;30.085;84.046;0.61133;168.08;0.15943;0.046142;0.73435;0.1456;0.10596;0.53006;0.49237;0.10377;0.11555
1;0.78861;86;4;38.511;0;3.054;84.252;0.45014;168.5;0.36155;0.10195;0.55868;0.11163;0.18511;0.50988;0.47252;0.095957;0.10621
1;0.87782;86;4;3.85;0;25.415;84.152;0.39284;168.3;0.29336;0.16313;0.67582;0.026531;0.13303;0.63865;0.5172;0.015626;0.053249
1;0.85265;86;4;38.496;0;35.433;84.105;0.32382;168.2;0.43778;0.34536;0.54472;0.077107;0.28673;0.61523;0.23234;0.20344;0.050775
1;0.81398;86;4;38.508;0;2.971;84.225;0.3901;168.44;0.12919;0.2562;0.53345;0.14165;0.15132;0.6426;0.49107;0.087254;0.090148
1;0.72323;85;3;38.496;0;21.313;84.106;-0.21955;168.21;0.19215;0.20127;0.54887;0.091526;0.12197;0.52714;0.41164;0.047735;0.084628
1;0.94049;86;4;38.507;0;25.605;84.22;-0.08253;168.43;0.30525;0.062283;0.43341;0.22472;0.096113;0.72966;0.69117;0.045216;0.15066
1;0.90989;86;4;38.509;0;23.287;84.232;0.1051;168.45;0.19605;0.12356;0.65588;0.17897;0.1636;0.63992;0.60795;0.033432;0.065455
1;0.78145;85;3;38.485;0;24.659;84.002;-0.31991;168;0.27578;0.15072;0.48403;0.16556;0.22395;0.44218;0.54309;0.14137;0.14281
1;0.94374;86;4;38.496;0;21.573;84.108;0.31722;168.21;0.47356;0.064036;0.5826;0.16602;0.15145;0.734;0.50101;0.10359;0.080493
1;0.85819;85;3;3.849;0;1.464;84.056;-0.13584;168.1;0.29767;0.16262;0.66766;0.26224;0.20171;0.45334;0.57638;0.14831;0.085783
1;0.92874;85;3;38.491;0;26.602;84.06;-0.73193;168.11;0.077694;0.07043;0.72408;0.1369;0.18186;0.66901;0.60343;0.057829;0.067313
1;0.96069;85;3;38.485;0;21.694;84.004;-0.51816;168;0.21819;0.3703;0.6312;0.18379;0.166;0.67792;0.65105;0.061621;0.05767
1;0.74407;85;3;38.474;-62474;20.688;83.891;0.066024;167.78;0.34286;0.20839;0.78622;0.23028;0.10428;0.20934;0.12078;0.10602;0.029422
1;0.62973;85;3;38.482;-62605;32.411;83.97;-0.21722;167.94;0.29851;0.17406;0.39526;0.074739;0.25542;0.17348;0.22302;0.27716;0.14791
1;0.63965;85;3;38.476;-62505;27.751;83.91;-0.055749;167.82;0.36124;0.053255;0.58144;0.2009;0.31222;0.067981;0.067968;0.2375;0.031079
1;0.70279;85;3;38.484;-62646;22.235;83.995;-0.058398;167.98;0.29016;0.088343;0.63219;0.3503;0.088942;0.30298;0.24896;0.16777;0.15137
1;0.84854;85;3;38.475;-62506;29.266;83.91;-0.6095;167.81;0.23682;0.087593;0.70316;0.17723;0.062407;0.57033;0.42023;0.16475;0.12599
1;0.61901;85;3;38.479;-62548;28.798;83.936;-0.059306;167.87;0.23601;0.12339;0.49947;0.17882;0.28223;0.24439;0.27111;0.15095;0.068247
1;0.64231;85;3;38.471;0;24.781;83.864;0.087606;167.72;0.2186;0.22018;0.44804;0.24598;0.21382;0.18065;0.29139;0.18683;0.10593
1;0.6462;85;3;38.477;0;24.995;83.924;0.02977;167.84;0.059916;0.37234;0.43096;0.29673;0.030144;0.37854;0.24904;0.083455;0.081224
1;0.63704;85;4;38.451;0;33.457;83.674;-0.0079329;167.34;0.36756;0.15325;0.5449;0.13765;0.25968;0.25908;0.20133;0.086242;0.072022
1;0.72868;85;3;38.469;0;20.268;83.851;0.17966;167.7;0.37309;0.14248;0.52342;0.45398;0.19795;0.039405;0.2555;0.17356;0.11263
1;0.6899;85;3;38.481;0;23.955;83.959;-0.052684;167.91;0.23357;0.13214;0.58996;0.35111;0.056768;0.35236;0.19797;0.14424;0.13651
1;0.78185;85;3;38.469;0;21.789;83.851;-0.0047992;167.7;0.24688;0.32039;0.70945;0.27938;0.039129;0.20404;0.27274;0.26277;0.11872
1;0.5618;85;3;38.468;0;35.044;83.83;-0.29677;167.66;0.2046;0.23262;0.50462;0.14371;0.2035;0.19824;0.21596;0.033909;0.086378
1;0.62456;85;3;38.478;0;26.804;83.928;0.0034223;167.85;0.23982;0.063914;0.58981;0.11219;0.052654;0.3429;0.26777;0.1544;0.072761
1;0.65736;85;3;38.489;0;24.549;84.043;-0.08426;168.08;0.25017;0.1649;0.35125;0.40618;0.1941;0.34556;0.1392;0.15058;0.2464
1;0.4772;84;2;38.452;0;20.327;83.677;-0.8596;167.35;0.12833;0.15017;0.49025;0.045406;0.041273;0.23072;0.15082;0.079952;0.063915
1;0.86246;85;3;38.479;0;14.329;83.948;0.070325;167.89;0.31541;0.15121;0.97558;0.15771;0.1265;0.24569;0.20267;0.16584;0.12404
1;0.51693;85;3;38.492;0;51.951;84.064;-0.26078;168.12;0.035533;0.28446;0.42134;0.30896;0.056773;0.12288;0.024089;0.073641;0.17273
1;0.74792;85;3;38.475;0;18.646;83.909;0.12555;167.81;0.31317;0.095175;0.73562;0.41563;0.14188;0.20044;0.22147;0.1339;0.054631
1;0.69605;85;3;38.472;0;30.483;83.871;-0.28081;167.74;0.13718;0.12667;0.40946;0.41195;0.32579;0.12145;0.46111;0.095088;0.18596
1;0.77472;85;3;3.847;0;36.724;83.861;-0.81259;167.72;0.34901;0.059305;0.73214;0.36903;0.038894;0.33193;0.15556;0.068173;0.17201
1;0.58631;85;4;38.463;0;35.751;83.784;-0.21558;167.56;0.28866;0.2455;0.50329;0.24818;0.16536;0.21106;0.10918;0.11381;0.07777
1;0.79874;85;4;38.474;0;2.452;83.892;-0.17485;167.78;0.17863;0.2254;0.80776;0.20139;0.17761;0.31348;0.323;0.034938;0.16774
1;0.74999;85;3;38.476;0;19.167;83.915;0.08787;167.82;0.10634;0.17204;0.83792;0.21256;0.23865;0.18155;0.18632;0.082387;0.060307
1;0.73422;85;3;38.477;0;2.694;83.919;-0.23316;167.83;0.20484;0.14231;0.71769;0.33655;0.095768;0.15343;0.26645;0.20012;0.027254
1;0.66326;85;3;38.479;0;24.892;83.94;-0.014129;167.88;0.20611;0.18333;0.54776;0.35854;0.050147;0.34524;0.17248;0.10429;0.19845
1;0.55584;85;3;38.468;0;34.291;83.834;-0.25656;167.66;0.17343;0.089958;0.45139;0.087173;0.26554;0.28936;0.27093;0.091128;0.064439
1;0.64692;84;2;38.443;0;35.271;83.596;-13.293;167.19;0.13193;0.2118;0.60912;0.21971;0.19736;0.26356;0.27698;0.092751;0.054257
1;0.63334;85;3;38.476;0;27.124;83.91;-0.018712;167.82;0.22987;0.083051;0.52455;0.29112;0.40388;0.037711;0.039878;0.25712;0.12851
1;0.71665;85;2;38.467;0;19.724;83.823;0.28026;167.64;0.31884;0.35659;0.65118;0.23474;0.16017;0.25832;0.17175;0.12843;0.1943
1;0.61981;85;3;38.479;0;28.816;83.944;-0.063706;167.88;0.25585;0.092191;0.61245;0.27965;0.13429;0.22312;0.12853;0.01948;0.10507
1;0.55703;85;3;38.468;0;34.061;83.832;-0.25085;167.66;0.20866;0.23569;0.48406;0.18889;0.12466;0.2481;0.17822;0.12031;0.010851
1;0.93315;85;3;38.444;0;22.202;83.606;-0.28831;167.2;0.39814;0.16647;0.86019;0.50567;0.27077;0.22031;0.29556;0.086444;0.33185
1;0.71279;85;4;38.449;0;2.491;83.656;0.44933;167.31;0.21367;0.21027;0.70919;0.23337;0.30407;0.14683;0.11216;0.19143;0.070745
1;0.66585;85;2;38.477;0;22.493;83.922;0.090923;167.84;0.31652;0.03738;0.62313;0.38446;0.2311;0.096143;0.15622;0.10218;0.09811
1;0.68136;85;3;38.468;0;22.902;83.836;0.14401;167.67;0.28216;0.17721;0.73476;0.30327;0.11496;0.066235;0.11155;0.082164;0.014456
1;0.82553;85;3;38.457;0;26.443;83.73;-0.33276;167.45;0.21568;0.28389;0.80834;0.29368;0.29287;0.24851;0.31791;0.18243;0.16234
1;0.68317;85;4;3.847;0;28.937;83.85;-0.063287;167.7;0.10563;0.10675;0.53048;0.42738;0.34329;0.17053;0.28539;0.087075;0.08485
1;0.60608;84;2;38.457;0;58.273;83.73;-20.614;167.45;0.23947;0.18101;0.47126;0.25391;0.10987;0.35489;0.18789;0.032533;0.18019
1;0.62995;84;2;38.449;0;4.248;83.652;-15.884;167.3;0.14958;0.28751;0.43763;0.28787;0.23234;0.20677;0.34871;0.12186;0.18226
1;0.78965;85;3;38.468;0;17.888;83.839;0.22575;167.67;0.14262;0.10147;0.86679;0.2894;0.22188;0.22125;0.23189;0.088642;0.04661
1;0.70708;85;3;38.485;0;22.905;83.997;-0.09387;167.99;0.08396;0.058649;0.76287;0.13464;0.1482;0.30047;0.22856;0.15219;0.15167
1;0.71562;85;3;3.849;0;31.594;84.047;-0.45949;168.09;0.31529;0.15144;0.53246;0.44859;0.12607;0.32507;0.25075;0.12715;0.10067
1;0.62942;85;3;38.476;0;26.278;83.916;0.018728;167.83;0.13568;0.32087;0.51759;0.14488;0.2658;0.27042;0.31282;0.04767;0.061029
1;0.68694;85;2;38.486;0;21.234;84.005;-0.0025598;168;0.13606;0.19376;0.39565;0.44167;0.30701;0.24396;0.28099;0.29128;0.14696
1;0.58237;85;3;38.484;0;35.647;83.988;-0.18206;167.97;0.36434;0.076106;0.50186;0.20985;0.073902;0.25597;0.18597;0.083785;0.073227
1;0.79258;85;3;38.487;0;17.225;84.022;-0.08046;168.04;0.18984;0.29396;0.72709;0.34018;0.25987;0.34934;0.19657;0.16468;0.046089
1;0.67147;85;3;38.472;0;27.285;83.872;-0.080694;167.74;0.17286;0.33657;0.5674;0.33727;0.20044;0.0847;0.081801;0.20498;0.15241
1;0.7462;85;3;38.476;0;20.015;83.917;0.053237;167.83;0.39439;0.14336;0.77756;0.19425;0.081214;0.24652;0.10738;0.090353;0.066051
1;0.6484;85;3;38.474;0;25.697;83.896;0.017042;167.79;0.20828;0.11211;0.56134;0.24648;0.15641;0.088441;0.36641;0.24936;0.1177
1;0.64278;85;3;38.476;0;27.462;83.91;-0.050752;167.82;0.27786;0.068124;0.55899;0.15119;0.30427;0.25872;0.27321;0.11308;0.10115
1;0.7301;85;3;38.471;0;22.654;83.865;0.033259;167.72;0.2984;0.23876;0.73912;0.19643;0.11313;0.26247;0.13351;0.10668;0.070427
1;0.68865;85;3;3.846;0;27.763;83.758;-0.082983;167.51;0.15442;0.019995;0.6551;0.2365;0.33762;0.18825;0.12203;0.10059;0.24892
1;0.60401;85;3;38.459;0;28.117;83.752;-0.042119;167.5;0.1872;0.3008;0.62248;0.090579;0.11293;0.14947;0.16108;0.029587;0.12869
1;0.84359;85;4;3.845;0;2.524;83.662;-0.14924;167.31;0.44378;0.094444;0.54703;0.25604;0.43825;0.45861;0.20362;0.36015;0.17283
1;0.61515;85;3;38.455;0;26.504;83.714;0.061608;167.42;0.3029;0.078444;0.67459;0.14451;0.1056;0.12537;0.0063972;0.14719;0.070875
1;0.65292;85;3;38.472;0;24.161;83.878;0.087308;167.75;0.28918;0.10883;0.53121;0.33463;0.32611;0.085576;0.082213;0.23976;0.1251
1;0.74662;85;3;38.482;0;28.985;83.975;-0.38937;167.94;0.27538;0.10593;0.4899;0.094562;0.21829;0.33575;0.32739;0.26645;0.20964
1;0.54574;85;3;3.847;0;38.554;83.855;-0.37524;167.71;0.15215;0.27358;0.46218;0.14267;0.17161;0.22413;0.19432;0.061984;0.046805
1;0.54923;84;3;38.441;0;3.116;83.573;-0.86583;167.14;0.22094;0.19627;0.55262;0.013088;0.12967;0.054355;0.14469;0.18603;0.11121
0;0.66585;83;3;38.269;-59273;26.714;82;-0.083559;164;0;0.2386;0.44854;0.31534;0.19897;0.3694;0.19249;0.18136;0.069593
0;0.67049;83;2;38.256;-59078;21.929;82;0.24286;164;0;0.21546;0.50686;0.22814;0.28007;0.14207;0.39587;0.2282;0.088942
0;0.56652;83;3;38.292;-59621;35.102;82;-0.11745;164;0;0.16724;0.46784;0.26209;0.19691;0.21293;0.083517;0.19121;0.082676
0;0.69993;83;3;38.275;-59366;23.375;82;-0.088384;164;0;0.30262;0.63717;0.27897;0.21646;0.19067;0.17001;0.13718;0.15019
0;0.62615;83;3;38.268;-59256;27.916;82;-0.038924;164;0;0.14045;0.63241;0.29658;0.14255;0.19708;0.15664;0.018837;0.086627
0;0.62564;83;3;38.285;-59519;30.782;82;-0.20775;164;0;0.26739;0.43428;0.17954;0.085907;0.35672;0.30629;0.12605;0.042978
0;0.67669;83;3;38.278;0;23.057;82;-0.057723;164;0;0.3273;0.4961;0.35434;0.20464;0.17094;0.38228;0.13567;0.031499
0;0.74492;83;3;38.283;0;19.882;82;-0.17037;164;0;0.09697;0.84111;0.20053;0.16396;0.22261;0.14789;0.12153;0.069137
0;0.74186;83;2;38.284;0;18.262;82;-0.11803;164;0;0.20001;0.68297;0.30169;0.13618;0.21089;0.301;0.11632;0.2046
0;0.59421;83;2;3.83;0;25.268;82.233;-0.12164;164;0;0.19639;0.57772;0.12834;0.12581;0.30949;0.17396;0.13927;0.059882
0;0.68837;83;3;38.274;0;22.177;82;-0.016189;164;0;0.14543;0.64891;0.056735;0.089848;0.43208;0.33919;0.10557;0.076961
0;0.77671;83;3;38.289;0;19.312;82;-0.28609;164;0;0.27637;0.66781;0.17351;0.20294;0.40098;0.40188;0.037035;0.059018
0;0.66925;83;3;38.289;0;23.654;82;-0.1817;164;0;0.27987;0.61953;0.20619;0.22669;0.16623;0.16612;0.066751;0.12715
0;0.61924;83;3;38.285;0;27.707;82;-0.10507;164;0;0.17216;0.42347;0.084186;0.17684;0.018075;0.38976;0.15582;0.20631
0;0.77119;83;3;38.279;0;1.758;82;-0.077052;164;0;0.23955;0.74905;0.39794;0.049257;0.039903;0.072916;0.072412;0.14608
0;0.75999;83;2;38.281;0;17.377;82;-0.076417;164;0;0.34747;0.58693;0.093816;0.41935;0.18517;0.39064;0.21503;0.15281
0;0.69623;83;3;3.829;0;21.924;82;-0.21816;164;0;0.019349;0.70388;0.087059;0.23291;0.29042;0.18791;0.16104;0.145
0;0.63143;83;3;38.267;0;27.332;82;-0.024859;164;0;0.30614;0.47546;0.24606;0.20535;0.23545;0.22224;0.11669;0.11773
0;0.69464;83;3;38.286;0;2.319;82;-0.20379;164;0.19719;0.22516;0.63188;0.48203;0.07966;0.15973;0.15912;0.10568;0.11994
0;0.67334;83;3;38.289;0;23.375;82;-0.18747;164;0;0.08107;0.60639;0.17785;0.076852;0.34688;0.32733;0.095855;0.037595
0;0.82671;83;3;38.282;0;21.663;82;-0.36898;164;0;0.26371;0.63049;0.40451;0.25976;0.15491;0.53298;0.067343;0.15742
0;0.70565;83;3;38.275;0;22.974;82;-0.091004;164;0;0.15715;0.69696;0.071454;0.41622;0.17404;0.19386;0.16831;0.088055
0;0.64186;83;3;38.284;0;25.764;82;-0.11758;164;0;0.13785;0.33948;0.42461;0.21256;0.20887;0.25628;0.26245;0.071432
0;0.7845;83;3;38.275;0;16.903;82;-0.0073773;164;0;0.22946;0.81973;0.42132;0.19075;0.12084;0.10569;0.15999;0.14426
0;0.68603;83;3;38.291;0;22.564;82;-0.22229;164;0;0.06897;0.65476;0.10946;0.15357;0.33323;0.32775;0.013721;0.12192
0;0.81471;83;3;38.272;0;34.648;82;-0.78992;164;0;0.088301;0.69849;0.17378;0.11886;0.557;0.37504;0.13782;0.11652
0;0.53019;83;2;3.826;0;32.203;82;-0.13537;164;0;0.24644;0.46714;0.14773;0.13914;0.23431;0.1967;0.090426;0.041961
0;0.7529;83;3;38.283;0;20.285;82;-0.1989;164;0;0.21872;0.72689;0.098113;0.18172;0.31959;0.32892;0.081357;0.19441
0;0.69568;83;3;38.275;0;21.706;82;-0.022236;164;0;0.20066;0.64093;0.21493;0.24102;0.31839;0.28152;0.051319;0.10118
0;0.69101;83;3;38.269;0;23.684;82;-0.019563;164;0;0.037886;0.63375;0.24251;0.26514;0.06682;0.10294;0.2709;0.086588
0;0.60667;83;3;38.278;0;32.733;82;-0.17081;164;0;0.12885;0.60726;0.30203;0.088996;0.069611;0.056106;0.059937;0.22767
0;0.70277;83;3;38.275;0;23.163;82;-0.086905;164;0;0.087454;0.63847;0.13013;0.29323;0.33948;0.35643;0.095564;0.12831
0;0.74145;83;3;38.268;0;19.627;82;0.065687;164;0;0.14798;0.68212;0.33033;0.085182;0.33252;0.32774;0.22343;0.095385
0;0.76278;83;3;38.263;0;18.519;82;0.14643;164;0;0.094038;0.83474;0.21121;0.13187;0.26112;0.15753;0.089742;0.067806
0;0.65254;83;3;38.281;0;26.375;82;-0.13588;164;0;0.19853;0.58114;0.27531;0.084997;0.1207;0.31813;0.053914;0.16723
0;0.67364;83;3;38.278;0;24.494;82;-0.1017;164;0;0.26472;0.58314;0.24913;0.089932;0.29624;0.25998;0.14411;0.09775
0;0.73467;83;3;38.275;0;19.371;82;-0.014681;164;0;0.11188;0.60908;0.35185;0.42539;0.28892;0.23567;0.2522;0.029872
0;0.44055;82;2;3.825;0;31.259;82;-13.154;164;0;0;0.3875;0.17596;0.1309;0.22425;0.18468;0.090394;0.05435
0;0.7154;83;3;3.825;0;3.976;82;-0.97575;164;0;0.33166;0.642;0.25159;0.27689;0.24811;0.24777;0.1187;0.12708
0;0.62304;83;3;3.824;0;24.298;82;0.29272;163;0;0.090818;0.60807;0.30154;0.11215;0.10874;0.18648;0.19324;0.17985
0;0.56974;83;3;38.275;0;33.086;82;-0.066203;164;0;0.36442;0.45509;0.28619;0.093597;0.21093;0.12624;0.053377;0.15602
0;0.7985;83;3;38.262;0;21.716;82;-0.062306;164;0;0.19741;0.88007;0.28102;0.16417;0.12135;0.23055;0.2206;0.14381
0;0.75608;83;3;38.266;0;20.045;82;0.038665;164;0;0.17;0.75315;0.22368;0.15043;0.35302;0.22049;0.19466;0.10288
0;0.7097;83;3;38.289;0;21.096;82;-0.20826;164;0;0.21951;0.64314;0.21194;0.11174;0.37419;0.29772;0.045568;0.1436
0;0.61656;83;3;38.269;0;29.025;82;-0.062087;164;0;0.17394;0.43481;0.2636;0.23471;0.28187;0.23173;0.19247;0.087515
0;0.68417;83;3;38.277;0;22.512;82;-0.044858;164;0;0.096683;0.47983;0.29613;0.21915;0.43832;0.37171;0.15407;0.086573
0;0.80706;83;3;38.261;0;21.914;82;-0.080126;164;0;0.27777;0.79234;0.2385;0.3079;0.17017;0.21704;0.19563;0.1639
0;0.69281;83;3;38.275;0;21.894;82;-0.022871;164;0;0.16046;0.72299;0.29492;0.23118;0.15478;0.10137;0.15528;0.058967
0;0.62084;83;3;38.279;0;29.379;82;-0.12066;164;0;0.1286;0.51887;0.18529;0.12487;0.47645;0.145;0.15045;0.099489
0;0.71815;83;3;38.277;0;2.128;82;-0.085118;164;0;0.27987;0.56571;0.38678;0.066319;0.32515;0.25742;0.17232;0.043346
0;0.639;83;3;38.267;0;27.823;82;-0.058288;164;0;0.069838;0.5548;0.16418;0.29196;0.27872;0.26463;0.11324;0.090127
0;0.70138;83;3;38.275;0;23.278;82;-0.090359;164;0;0.12099;0.60385;0.23659;0.16876;0.4309;0.26854;0.19671;0.065694
0;0.63715;83;3;38.266;0;27.967;82;-0.059389;164;0;0.12926;0.65345;0.27319;0.10678;0.26827;0.10623;0.038272;0.11221
0;0.60489;83;3;38.256;0;4.096;82;-0.6427;164;0;0.30229;0.50799;0.33514;0.029477;0.11673;0.18582;0.2281;0.12944
0;0.79942;83;3;38.253;0;17.107;82;0.38104;164;0;0.15173;0.87991;0.32111;0.18289;0.1255;0.089576;0.17162;0.072993
0;0.53018;83;3;38.263;0;42.203;82;-0.44141;164;0;0.32311;0.39735;0.117;0.14098;0.10174;0.26995;0.094938;0.04987
0;0.62072;83;3;38.266;0;29.512;82;-0.084961;164;0;0.10074;0.57724;0.058637;0.1168;0.33477;0.2854;0.11535;0.019708
0;0.61162;83;4;38.251;0;32.466;82;-0.083936;164;0.090957;0.18292;0.57537;0.12366;0.14869;0.32357;0.16432;0.12909;0.040357
0;0.70325;83;3;38.234;0;2.814;82;-0.13293;163;0;0.10413;0.65701;0.15112;0.090265;0.17945;0.19215;0.12246;0.086385
0;0.68799;83;3;38.273;0;23.183;82;-0.037652;164;0;0.24463;0.61178;0.25838;0.11522;0.31642;0.27769;0.16395;0.045558
0;0.75826;84;3;38.327;-60174;26.504;82;0.033596;165;0;0.32843;0.52079;0.1633;0.31777;0.42136;0.42779;0.070201;0.14817
0;0.66946;84;3;38.337;-60328;24.566;83;0.64158;165;0;0.21294;0.55708;0.24307;0.25379;0.19351;0.094263;0.17509;0.24862
0;0.83301;84;3;38.321;-60078;23.093;82;-0.30601;165;0.16161;0.048679;0.7198;0.287;0.14414;0.34343;0.36595;0.35712;0.3428
0;0.56206;84;3;38.338;-60327;23.826;83;-0.12207;165;0;0.13353;0.36781;0.10702;0.2211;0.29613;0.2773;0.041069;0.12441
0;0.82596;84;4;38.325;-60142;3.815;82;0.087196;165;0.16008;0.27277;0.83114;0.22387;0.12605;0.03906;0.41348;0.13858;0.11702
0;0.62805;83;3;38.312;-59941;25.855;82;-0.46547;165;0;0.097406;0.35942;0.13779;0.28704;0.48819;0.3325;0.1129;0.072169
0;0.60338;83;2;38.306;0;23.991;82;-0.22133;165;0;0.30605;0.51136;0.049473;0.17959;0.23437;0.26321;0.055747;0.07399
0;0.77832;84;3;38.343;0;22.797;83;0.38565;165;0;0.18484;0.66681;0.25499;0.21759;0.231;0.20747;0.10715;0.13752
0;0.85173;84;3;38.339;0;26.797;83;-0.71294;165;1;0.22474;0.63469;0.15012;0.14659;0.44334;0.47137;0.11651;0.10907
0;0.67007;83;2;38.313;0;22.689;82;-0.54943;165;0;0.20587;0.56912;0.1165;0.22162;0.17187;0.28389;0.16053;0.14638
0;0.67662;83;2;38.292;0;21.677;82;-0.19381;164;0;0.080941;0.6556;0.11678;0.16876;0.33081;0.32824;0.022306;0.1354
0;0.72299;83;2;38.331;0;28.388;83;-11.457;165;0;0;0.55671;0.063091;0.16091;0.59603;0.26502;0.032546;0.17849
0;0.51002;83;2;38.316;0;16.897;82;0.22064;165;0;0.11793;0.3717;0.14181;0.24268;0.25176;0.25577;0.057322;0.068321
0;0.63363;83;2;38.313;0;23.241;82;-0.45692;165;0;0.10246;0.58097;0.12548;0.28646;0.15615;0.19796;0.083005;0.035897
0;0.71539;83;3;38.287;0;33.001;82;-0.55232;164;0;0.30381;0.52519;0.058104;0.083764;0.43636;0.43231;0.085518;0.10029
0;0.51887;83;3;38.314;0;36.687;82;-0.084039;165;0;0.27647;0.48601;0.16502;0.19585;0.097031;0.11135;0.073048;0.078363
0;0.74714;83;3;3.83;0;19.934;82.233;-0.42944;164;0;0.27535;0.55411;0.20815;0.12972;0.31433;0.45994;0.1599;0.25769
0;0.73967;83;3;38.305;0;22.036;82;-0.53951;165;0;0.16776;0.6879;0.20956;0.1313;0.36441;0.23207;0.023777;0.063196
0;0.49355;83;2;38.312;0;1.816;82;0.44232;165;0;0.21296;0.49136;0.12721;0.16951;0.13491;0.14775;0.054639;0.078687
0;0.8315;83;3;38.305;0;17.387;82;-0.56383;165;0;0.12852;0.79421;0.096739;0.27798;0.3626;0.39006;0.12843;0.063168
0;0.50704;83;3;38.315;0;23.616;82;0.17623;165;0.23091;0.14218;0.36227;0.10946;0.17468;0.25038;0.25174;0.12308;0.097862
0;0.66366;83;3;38.307;0;26.233;82;-0.49105;165;0;0.24009;0.49163;0.098556;0.21263;0.36964;0.31427;0.081193;0.077752
0;0.62702;83;3;38.308;0;28.293;82;-0.43472;165;0;0.41243;0.48275;0.14438;0.22822;0.26386;0.22682;0.085256;0.081899
0;0.61722;83;2;38.299;0;2.446;82;-0.17016;164;0;0.23066;0.46816;0.11225;0.16376;0.13087;0.40739;0.11267;0.21505
0;0.81323;83;2;3.83;0;16.483;82.232;-0.43883;164;0;0.21773;0.80889;0.19631;0.32551;0.26739;0.3159;0.062407;0.080289
0;0.62832;83;3;38.308;0;25.732;82;-0.37847;165;0;0.22811;0.26468;0.41863;0.41049;0.18758;0.28935;0.18371;0.096225
0;0.61672;83;2;38.308;0;23.489;82;-0.3005;165;0;0.1337;0.66276;0.23278;0.24466;0.12827;0.17757;0.071093;0.056533
0;0.63981;83;3;38.317;0;2.608;82;-0.59459;165;0;0.2095;0.45196;0.17876;0.28579;0.38649;0.32384;0.030392;0.10659
0;0.62702;83;3;38.308;0;2.578;82;-0.3859;165;0;0.21629;0.45814;0.068849;0.17091;0.40475;0.29847;0.071593;0.034135
0;0.66778;83;2;38.293;0;22.149;82;-0.19163;164;0;0.17706;0.73037;0.28443;0.11753;0.079528;0.095703;0.06877;0.038747
0;0.65457;83;3;3.832;0;29.131;82;-0.77559;165;0;0.27212;0.57737;0.1395;0.16146;0.30725;0.17221;0.047994;0.13856
0;0.73529;83;3;38.307;0;21.317;82;-0.55334;165;0;0.11619;0.50333;0.19208;0.1845;0.52177;0.48175;0.027278;0.20366
0;0.54746;83;2;38.316;0;21.029;82;-0.092962;165;0.24092;0.13574;0.36864;0.11136;0.18512;0.25031;0.26776;0.12117;0.082553
0;0.74763;83;2;38.314;0;20.939;82;-0.68884;165;0;0.16422;0.70856;0.17705;0.19163;0.29994;0.37526;0.065474;0.05811
0;0.7464;83;2;38.339;0;34.475;83;-14.878;165;0;0;0.63155;0.41054;0.15826;0.33541;0.36939;0.14144;0.065868
0;0.51237;83;3;38.329;0;20.434;83;-0.21571;165;0.3301;0.095937;0.46849;0.16829;0.039083;0.17895;0.1605;0.13797;0.058662
0;0.64891;84;3;38.333;0;25.929;83;0.65882;165;0;0.080079;0.60826;0.19826;0.20144;0.19617;0.20517;0.05543;0.15022
0;0.65019;83;2;38.328;0;27.097;82;-0.9044;165;0;0.37501;0.60501;0.12779;0.12286;0.25825;0.058485;0.22102;0.14524
0;0.75457;83;2;38.333;0;29.341;83;-12.634;165;0;0;0.75965;0.2013;0.023544;0.46437;0.26177;0.046717;0.15501
0;0.58736;83;2;38.301;0;2.544;82;-0.10351;164;0;0.22262;0.57874;0.044737;0.23037;0.23101;0.24805;0.054856;0.086175
0;0.77474;84;3;38.347;0;2.006;83;0.55274;165;0.4184;0.056987;0.61275;0.51217;0.19881;0.21371;0.30413;0.14684;0.066359
0;0.80432;84;4;38.322;0;2.603;82;-0.062405;165;0;0.23565;0.36249;0.112;0.2916;0.61847;0.54747;0.18812;0.017852
0;0.67719;84;3;38.345;0;29.213;83;-0.19051;165;0;0.2828;0.54929;0.1478;0.14537;0.061488;0.38423;0.14264;0.21196
0;0.63831;84;3;38.342;0;24.869;83;0.33873;165;0;0.29513;0.62068;0.087475;0.23997;0.1542;0.16663;0.12071;0.072486
0;0.84506;84;3;38.332;0;23.539;83;0.24595;165;0.11855;0.21401;0.56765;0.44441;0.46661;0.41437;0.37013;0.19491;0.18443
0;0.52594;84;4;38.334;0;24.545;83;-0.38281;165;0;0.21003;0.38135;0.088664;0.30855;0.19909;0.18655;0.13356;0.019002
0;0.76017;84;3;38.325;0;28.605;82;1.163;165;0;0;0.74095;0.21285;0.18921;0.31542;0.30885;0.037912;0.10874
0;0.66013;83;2;38.313;0;22.819;82;-0.51665;165;0;0.32198;0.61607;0.11207;0.16925;0.23944;0.25518;0.03539;0.035287
0;0.64399;83;3;38.319;0;26.589;82;-0.67604;165;0;0.3035;0.39078;0.11543;0.21641;0.44303;0.37992;0.042656;0.078827
0;0.52029;83;2;38.322;0;15.894;82;-0.0072117;165;0.2584;0.046399;0.41983;0.14925;0.24177;0.17779;0.1695;0.12312;0.16468
0;0.7659;84;4;38.326;0;27.642;82;-0.026423;165;0.15097;0.07073;0.67938;0.16682;0.32987;0.34385;0.36241;0.13977;0.237
0;0.52273;83;3;38.325;0;28.331;82;-0.27738;165;0;0.19502;0.25745;0.17591;0.069836;0.35707;0.33034;0.097019;0.074379
0;0.49547;83;2;38.317;0;13.934;82;0.36919;165;0;0.069451;0.55533;0.08824;0.07941;0.15019;0.12311;0.078406;0.085012
0;0.76872;84;4;38.327;0;28.916;82;-0.065552;165;1;0.091827;0.69588;0.19357;0.1412;0.3116;0.22442;0.067928;0.095185
0;0.6186;83;3;38.307;0;26.154;82;-0.33322;165;0;0.3368;0.4408;0.18407;0.22458;0.18556;0.3123;0.08037;0.1396
0;0.73755;84;3;38.345;0;21.218;83;0.6223;165;0;0.14752;0.65034;0.28074;0.25454;0.19213;0.2225;0.049988;0.10879
0;0.80434;84;3;38.345;0;30.831;83;-0.82683;165;0.30075;0.39853;0.60109;0.1971;0.25665;0.31711;0.37415;0.13168;0.29389
0;0.78498;83;3;38.314;0;21.108;82;-0.75746;165;0;0.25472;0.62809;0.18311;0.35407;0.40847;0.31763;0.12773;0.1229
0;0.59111;83;2;3.83;0;25.597;82.224;-0.10288;164;0;0.21489;0.57666;0.047715;0.24805;0.22502;0.24196;0.044793;0.081595
0;0.79591;84;3;38.359;0;29.936;83;-0.50594;166;0.37596;0.17086;0.69606;0.2461;0.17129;0.42358;0.26587;0.15226;0.23725
0;0.66156;85;4;38.442;-61965;28.526;83.582;0.36947;167.16;0.18147;0.37757;0.57285;0.29414;0.18357;0.11707;0.059586;0.22703;0.12084
0;0.66025;85;4;38.424;-61687;27.091;83.413;-0.59221;166.82;0.32966;0.2812;0.53898;0.24966;0.19485;0.1805;0.20791;0.1404;0.14048
0;0.62861;85;4;3.845;-62090;29.356;83.657;0.12224;167.31;0.14627;0.23929;0.53611;0.28026;0.34701;0.16875;0.15292;0.10382;0.068351
0;0.65039;84;2;38.427;-61724;2.47;83.436;-0.71739;166.87;0.27111;0.31599;0.60782;0.17143;0.24774;0.059739;0.033017;0.21662;0.14033
0;0.649;84;2;38.425;-61704;24.328;83.423;-0.67688;166.84;0.29494;0.48617;0.43368;0.1337;0.24651;0.3056;0.13715;0.10519;0.14747
0;0.76367;84;2;38.431;-61794;24.934;83.478;-10.373;166.95;0.17703;0.32191;0.73308;0.17373;0.35981;0.2164;0.23286;0.17118;0.12023
0;0.49714;84;2;38.419;0;1.65;83.361;0.38414;166.72;0.19642;0.064294;0.51703;0.14354;0.16031;0.17257;0.09256;0.036505;0.062314
0;0.64942;84;3;38.429;0;60.389;83.462;-13.854;166.92;0.23502;0.27915;0.5337;0.11891;0.27564;0.15415;0.13352;0.18266;0.12733
0;0.51367;84;3;38.446;0;31.855;83.626;-0.92095;167.25;0.2526;0.19254;0.469;0.12386;0.029261;0.078725;0.11486;0.081328;0.085554
0;0.7468;85;4;38.429;0;43.911;83.465;-0.15187;166.92;0.20735;0.43054;0.65776;0.27466;0.036889;0.30313;0.24678;0.066525;0.10664
0;0.51822;84;3;38.439;0;24.135;83.552;-0.5126;167.1;0.051807;0.22409;0.51482;0.24281;0.036344;0.11322;0.031678;0.13422;0.049001
0;0.49889;84;2;38.446;0;17.741;83.62;-0.63486;167.24;0.10379;0.37384;0.38756;0.15917;0.16467;0.10186;0.12256;0.044473;0.017759
0;0.54679;84;2;38.426;0;19.918;83.431;-0.20877;166.86;0.24022;0.41109;0.35714;0.16626;0.21593;0.14997;0.14225;0.01032;0.062544
0;0.50934;84;3;3.844;0;22.636;83.56;-0.46932;167.12;0.20671;0.24471;0.36703;0.23937;0.12771;0.17502;0.17524;0.15826;0.093513
0;0.51652;84;2;38.435;0;14.811;83.515;-0.23269;167.03;0.1101;0.19038;0.53583;0.22546;0.10681;0.044513;0.061807;0.065175;0.080519
0;0.58399;84;2;38.434;0;25.041;83.505;-0.69453;167.01;0.18427;0.28442;0.44714;0.25975;0.17358;0.15012;0.12168;0.12463;0.085682
0;0.5261;84;3;38.439;0;32.538;83.552;-0.66818;167.1;0.050779;0.23371;0.52782;0.24711;0.046899;0.11248;0.037913;0.12595;0.043897
0;0.5572;84;3;38.429;0;2.601;83.46;-0.44095;166.92;0.17503;0.25283;0.44326;0.32247;0.20475;0.089229;0.025211;0.087641;0.1911
0;0.51606;84;2;38.431;0;1.436;83.476;-0.07719;166.95;0.21532;0.46297;0.31157;0.066749;0.21671;0.026665;0.062872;0.076319;0.024058
0;0.74939;84;3;38.414;0;22.468;83.318;-0.64281;166.63;0.35625;0.22283;0.70479;0.31122;0.16296;0.18215;0.26248;0.18732;0.15254
0;0.54756;84;2;38.427;0;19.954;83.437;-0.23171;166.87;0.14031;0.2235;0.48513;0.24254;0.058228;0.12794;0.19452;0.1257;0.13153
0;0.49471;84;2;38.448;0;18.884;83.636;-0.71115;167.27;0.11968;0.38282;0.38278;0.14139;0.14086;0.038415;0.11082;0.071587;0.037288
0;0.51293;84;3;38.424;0;22.121;83.412;0.041753;166.82;0.31475;0.35073;0.38596;0.118;0.076124;0.09496;0.0071705;0.12053;0.082315
0;0.49338;84;2;38.445;0;13.703;83.607;-0.48419;167.21;0.21986;0.17865;0.46021;0.12034;0.057232;0.14316;0.16222;0.10779;0.11818
0;0.51022;84;2;38.439;0;14.588;83.552;-0.34165;167.1;0.11778;0.37846;0.39049;0.14309;0.25726;0.067392;0.087805;0.10104;0.053582
0;0.55349;84;2;38.438;0;23.778;83.544;-0.67676;167.08;0.02708;0.48142;0.31271;0.20679;0.16358;0.16025;0.22952;0.017769;0.13024
0;0.51581;84;2;38.441;0;17.818;83.572;-0.51072;167.14;0.0074946;0.27375;0.48894;0.24776;0.042462;0.087123;0.049986;0.13674;0.086961
0;0.64274;85;4;3.845;0;33.073;83.666;0.026621;167.33;0.29617;0.2277;0.54827;0.28339;0.20914;0.2325;0.1795;0.097744;0.071471
0;0.7157;84;2;38.447;0;39.204;83.638;-16.252;167.27;0.034883;0.39922;0.45083;0.38295;0.36065;0.098828;0.38938;0.096005;0.18528
0;0.50821;84;2;38.431;0;12.377;83.48;-0.0078622;166.96;0.22545;0.26105;0.47431;0.031126;0.20516;0.19361;0.063062;0.047894;0.088873
0;0.81747;84;3;38.416;0;19.343;83.341;-0.71151;166.67;0.18055;0.24477;0.8425;0.23325;0.3823;0.069155;0.20561;0.25944;0.21597
0;0.52375;84;2;3.843;0;16.049;83.472;-0.13911;166.94;0.17336;0.23844;0.50302;0.19711;0.13906;0.082817;0.077332;0.13694;0.11125
0;0.63218;84;3;38.413;0;25.645;83.302;-0.38977;166.6;0.18148;0.4012;0.48937;0.30682;0.08612;0.22912;0.12481;0.19495;0.11868
0;0.6386;84;3;38.428;0;61.448;83.446;-13.304;166.89;0.24248;0.47293;0.28638;0.29918;0.09863;0.24065;0.24748;0.11176;0.12154
0;0.52061;84;2;38.433;0;15.443;83.494;-0.19027;166.99;0.22107;0.27343;0.4652;0.024847;0.199;0.20658;0.093295;0.028686;0.10469
0;0.53387;84;3;38.428;0;29.562;83.451;-0.32701;166.9;0.25531;0.27518;0.46126;0.078483;0.18261;0.17692;0.088529;0.090976;0.071865
0;0.63067;84;3;38.441;0;72.815;83.573;-17.705;167.14;0.22667;0.44384;0.43426;0.083833;0.053944;0.19804;0.1404;0.19139;0.13027
0;0.5127;84;2;38.434;0;1.357;83.503;-0.14166;167;0.1354;0.2023;0.52271;0.23179;0.10038;0.02494;0.10496;0.099786;0.093948
0;0.52767;84;3;3.843;0;23.008;83.472;-0.25971;166.94;0.14336;0.20226;0.53571;0.22894;0.11292;0.033137;0.091771;0.095466;0.080987
0;0.59022;85;4;38.453;0;39.752;83.686;-0.74121;167.37;0.14443;0.15655;0.50427;0.15124;0.10793;0.24135;0.29106;0.12154;0.078633
0;0.65611;85;3;38.463;0;2.489;83.791;0.11926;167.58;0.22261;0.27163;0.66123;0.29453;0.1445;0.093906;0.078693;0.086735;0.051653
0;0.72638;85;3;38.459;0;38.138;83.749;-0.92484;167.49;0.46498;0.57451;0.28497;0.45079;0.11603;0.11776;0.13494;0.15859;0.15776
0;0.48949;84;2;38.451;0;23.434;83.667;-0.91007;167.33;0.23556;0.19812;0.37649;0.17193;0.28868;0.056051;0.16428;0.063154;0.04043
0;0.49375;84;2;38.446;0;16.318;83.624;-0.60644;167.24;0.18917;0.23029;0.37605;0.34849;0.15543;0.034314;0.046124;0.13444;0.028202
0;0.76204;85;3;38.457;0;23.149;83.732;0.13584;167.46;0.25128;0.35928;0.46842;0.37951;0.44638;0.1873;0.063341;0.22743;0.1609
0;0.51397;84;3;38.442;0;26.135;83.585;-0.65515;167.17;0.078784;0.35172;0.41154;0.16128;0.25017;0.097667;0.12396;0.022573;0.034482
0;0.61902;85;3;38.454;0;2.482;83.702;0.19637;167.4;0.039532;0.54502;0.37494;0.22791;0.19953;0.15867;0.21098;0.1078;0.054749
0;0.63836;85;3;38.462;0;25.851;83.781;0.087675;167.56;0.36159;0.1858;0.53931;0.06724;0.27752;0.16792;0.22102;0.080345;0.063559
0;0.67944;85;3;38.458;0;22.715;83.74;0.30042;167.47;0.25589;0.29428;0.57264;0.25988;0.16511;0.23647;0.26168;0.12772;0.032838
0;0.69933;85;4;38.443;0;31.984;83.594;-0.07469;167.18;0.1342;0.41659;0.55803;0.26399;0.20705;0.20154;0.1691;0.23485;0.064756
0;0.59824;85;3;38.459;0;26.582;83.75;0.044602;167.49;0.11571;0.25993;0.556;0.011104;0.29114;0.16622;0.25396;0.019392;0.14709
0;0.70908;85;3;38.463;0;21.877;83.787;0.23073;167.57;0.42531;0.29957;0.51183;0.33016;0.055632;0.22333;0.20779;0.21496;0.086945
0;0.64934;85;4;38.444;0;28.263;83.602;0.34922;167.2;0.27294;0.47965;0.42266;0.2669;0.19543;0.12009;0.083993;0.23673;0.063761
0;0.52455;84;3;38.434;0;23.188;83.509;-0.37116;167.01;0.12923;0.2137;0.52551;0.22946;0.1226;0.048516;0.040784;0.091002;0.070488
0;0.69774;85;4;38.462;0;74.607;83.779;-14.836;167.55;0.32297;0.52436;0.36028;0.16432;0.2201;0.23655;0.22698;0.17235;0.086265
0;0.60423;85;3;38.459;0;26.341;83.752;0.065429;167.5;0.16274;0.374;0.5779;0.21189;0.045139;0.13142;0.14415;0.11426;0.12223
0;0.58254;85;3;38.463;0;2.733;83.784;0.0074615;167.56;0.088582;0.27963;0.53276;0.14401;0.16608;0.28429;0.17645;0.13315;0.086365
0;0.62429;85;3;38.454;0;25.854;83.696;0.12531;167.39;0.23127;0.22405;0.39604;0.26516;0.34971;0.28584;0.071043;0.15245;0.16777
0;0.74826;85;4;38.451;0;22.958;83.671;0.50874;167.33;0.031063;0.10042;0.55862;0.49895;0.36615;0.26502;0.35976;0.18337;0.036952
0;0.66979;85;4;38.452;0;32.275;83.682;-0.22258;167.36;0.10978;0.5698;0.43257;0.18957;0.19787;0.14209;0.21054;0.16807;0.0159
0;0.84192;86;3;38.552;-63746;24.086;84.655;-0.11011;169.3;0.65578;0.37192;0.60023;0.1617;0.16471;0.36375;0.29184;0.06188;0.074762
0;0.69075;86;4;38.571;-64049;27.927;84.836;-0.02214;169.67;0.25463;0.31408;0.51837;0.11644;0.28108;0.36233;0.3176;0.10199;0.031227
0;0.84008;86;3;38.579;-64182;30.169;84.915;-0.63627;169.82;0.24539;0.4214;0.6314;0.30978;0.06954;0.51603;0.3797;0.096604;0.098568
0;0.85451;86;4;38.558;-63849;27.425;84.717;-0.44651;169.42;0.14105;0.43602;0.61183;0.23205;0.33325;0.31641;0.53393;0.16484;0.076855
0;0.68683;86;3;3.857;-64033;23.905;84.826;0.095074;169.65;0.45299;0.28904;0.53465;0.26991;0.053525;0.28066;0.18407;0.10392;0.058307
0;0.89342;86;4;38.563;-63920;23.369;84.759;-0.2181;169.51;0.068142;0.4959;0.36873;0.25907;0.1516;0.6251;0.60225;0.18476;0.17118
0;0.79757;86;3;38.543;0;26.255;84.567;-0.30232;169.13;0.59951;0.42262;0.42548;0.024873;0.20799;0.27864;0.24336;0.21005;0.078191
0;0.71201;86;3;38.562;0;21.249;84.751;0.34089;169.5;0.16088;0.36013;0.42315;0.21082;0.13755;0.53164;0.38632;0.01754;0.053481
0;0.746;86;3;38.553;0;31.182;84.658;-0.61037;169.31;0.49967;0.1739;0.33887;0.23043;0.49684;0.37581;0.20413;0.051782;0.098453
0;0.92452;86;3;38.553;0;19.829;84.66;0.13101;169.31;0.27962;0.40957;0.61814;0.26597;0.25629;0.60926;0.53697;0.010137;0.029633
0;0.6292;86;3;3.858;0;28.972;84.927;-0.085815;169.85;0.083485;0.31162;0.39036;0.028779;0.15352;0.46556;0.34246;0.046494;0.022822
0;0.88568;86;3;38.569;0;14.473;84.824;0.30847;169.64;0.53983;0.35987;0.070573;0.27532;0.34565;0.60686;0.49808;0.10158;0.067477
0;0.91111;86;3;38.559;0;26.809;84.725;-0.68283;169.44;0.34241;0.2846;0.81808;0.14002;0.20469;0.55416;0.35249;0.14348;0.054364
0;0.60879;86;4;38.559;0;30.354;84.718;0.028192;169.43;0.21406;0.41685;0.47124;0.048177;0.13299;0.27073;0.25035;0.052349;0.057863
0;0.83039;86;3;38.556;0;24.953;84.689;-0.19087;169.37;0.35147;0.47;0.61244;0.065928;0.35368;0.42217;0.30525;0.19215;0.018956
0;0.70376;86;4;38.567;0;25.193;84.795;0.14422;169.58;0.17689;0.20534;0.58079;0.22577;0.19493;0.40232;0.3587;0.091181;0.011204
0;0.93846;86;4;38.562;0;22.579;84.753;-0.28905;169.5;0.38792;0.41657;0.47037;0.30584;0.39647;0.60748;0.37033;0.25229;0.11416
0;0.71688;86;4;38.562;0;24.199;84.753;0.24712;169.5;0.25259;0.25462;0.57215;0.21036;0.11757;0.46735;0.29775;0.085671;0.051428
0;0.66258;86;3;38.574;0;2.524;84.868;0.031604;169.73;0.30733;0.29533;0.48691;0.17342;0.098221;0.40062;0.29444;0.063094;0.10702
0;0.82831;86;4;3.856;0;41.184;84.726;-0.5799;169.44;0.27164;0.029504;0.62382;0.40502;0.094314;0.42689;0.43745;0.1251;0.19332
0;0.70459;86;4;38.586;0;28.588;84.979;-0.2057;169.95;0.11401;0.25581;0.53637;0.32511;0.11295;0.41501;0.31584;0.1289;0.09213
0;0.64716;86;3;38.585;0;43.293;84.977;-0.6365;169.95;0.31242;0.29255;0.36399;0.23338;0.32019;0.065255;0.39154;0.073568;0.11196
0;0.82261;86;3;38.564;0;27.928;84.77;-0.44495;169.53;0.19797;0.2217;0.46825;0.26562;0.2517;0.54974;0.53743;0.20243;0.049824
0;0.76782;86;4;38.552;0;25.054;84.654;0.23794;169.3;0.26763;0.26341;0.65377;0.29167;0.16236;0.38802;0.33509;0.12664;0.077717
0;0.69298;86;3;38.568;0;46.653;84.806;-1.189;169.61;0.19085;0.43361;0.5544;0.057566;0.28531;0.27552;0.27589;0.12934;0.033128
0;0.74825;86;3;3.855;0;21.862;84.632;0.63755;169.26;0.37896;0.16498;0.54529;0.16072;0.076092;0.57026;0.30854;0.07261;0.087229
0;0.63049;86;3;38.564;0;35.366;84.762;-0.47652;169.52;0.22502;0.44727;0.24605;0.19373;0.18014;0.37604;0.26018;0.17684;0.077755
0;0.86979;86;3;38.572;0;25.841;84.854;-0.44796;169.7;0.46403;0.26371;0.55578;0.23533;0.10461;0.55447;0.5121;0.093129;0.0907
0;0.76532;86;3;38.575;0;17.895;84.874;0.19565;169.74;0.17519;0.33108;0.66563;0.17397;0.023565;0.42654;0.40842;0.1383;0.071389
0;0.76769;86;4;38.582;0;28.826;84.948;-0.3541;169.89;0.23196;0.093383;0.54107;0.26068;0.40729;0.25452;0.47668;0.11186;0.13645
0;0.66258;86;3;38.574;0;2.524;84.868;0.031604;169.73;0.054037;0.26424;0.47147;0.12571;0.19167;0.49737;0.2687;0.10275;0.05711
0;0.83823;86;3;38.552;0;24.079;84.649;-0.087355;169.29;0.32193;0.40084;0.4377;0.20599;0.52091;0.41966;0.44308;0.097672;0.12672
0;0.73393;86;3;38.557;0;21.196;84.698;0.45679;169.39;0.30519;0.14187;0.57129;0.13523;0.27754;0.47089;0.30976;0.14907;0.075808
0;0.89712;86;3;38.551;0;21.117;84.64;0.10447;169.27;0.50805;0.12109;0.47813;0.21903;0.1261;0.68609;0.53208;0.14438;0.078966
0;0.7873;86;3;38.548;0;2.644;84.615;-0.19826;169.22;0.27389;0.45181;0.35455;0.15363;0.22082;0.2746;0.50272;0.27906;0.22324
0;0.89856;86;3;38.558;0;26.149;84.713;-0.57914;169.42;0.29514;0.34669;0.76453;0.28133;0.12918;0.51992;0.40703;0.085577;0.10755
0;0.74875;86;3;38.551;0;30.366;84.644;-0.55863;169.28;0.2316;0.17085;0.38706;0.12436;0.47833;0.43656;0.35031;0.2742;0.035681
0;0.66048;86;4;3.854;0;28.853;84.536;0.68397;169.07;0.018506;0.41332;0.38181;0.15192;0.19663;0.44407;0.30556;0.10762;0.080821
0;0.99964;86;4;38.547;0;1.993;84.609;-0.099872;169.21;0.21124;0.20721;0.53648;0.14331;0.20265;0.76109;0.75316;0.17444;0.018612
0;0.83852;86;4;38.519;0;33.855;84.336;-0.11778;168.66;0.23493;0.42561;0.67497;0.070803;0.19263;0.28541;0.4861;0.14082;0.043278
0;0.83754;86;3;38.518;0;2.45;84.32;0.16678;168.63;0.47597;0.21903;0.55698;0.25958;0.14819;0.60135;0.34176;0.16158;0.056653
0;0.82763;85;3;38.515;0;17.947;84.298;-0.61181;168.59;0.24939;0.13386;0.64436;0.32533;0.23523;0.49164;0.4556;0.086766;0.078475
0;0.85064;86;4;38.536;0;34.851;84.496;0.17028;168.98;0.14912;0.16973;0.65004;0.18346;0.069304;0.52422;0.52852;0.22775;0.094396
0;0.86787;86;4;38.532;0;24.969;84.457;-0.35566;168.9;0.30964;0.22608;0.50668;0.28025;0.20345;0.59362;0.57778;0.043891;0.048452
0;0.78024;86;3;38.548;0;2.289;84.611;0.48371;169.21;0.20108;0.21583;0.54872;0.20433;0.25847;0.24509;0.61201;0.21334;0.12696
0;0.7842;86;3;38.571;0;34.223;84.839;-0.7177;169.67;0.2795;0.33421;0.53157;0.26977;0.35847;0.40201;0.37459;0.18087;0.066903
0;0.78356;86;3;38.545;0;23.418;84.583;0.5428;169.16;0.47044;0.22453;0.52208;0.17981;0.13548;0.50098;0.41959;0.014212;0.04762
0;0.70091;86;3;38.565;0;4.259;84.781;-10.503;169.56;0.21195;0.39047;0.58782;0.11175;0.24244;0.32305;0.28432;0.095616;0.039275
0;0.64383;86;4;38.545;0;28.145;84.586;0.42566;169.17;0.19431;0.20739;0.45708;0.23357;0.15506;0.4655;0.2556;0.1343;0.04778
0;0.74455;86;3;38.552;0;30.808;84.652;-0.57565;169.3;0.27544;0.53387;0.55273;0.10252;0.38212;0.24608;0.19638;0.10963;0.019876
0;0.71612;86;4;38.564;0;24.255;84.763;0.22629;169.52;0.3898;0.24274;0.46911;0.090008;0.18808;0.49002;0.34774;0.062569;0.074646
0;0.73108;86;3;38.556;0;32.846;84.688;-0.65567;169.37;0.28756;0.40727;0.6172;0.13697;0.31207;0.27195;0.23622;0.13431;0.02459
0;0.87558;86;3;3.855;0;22.188;84.633;0.047352;169.26;0.25666;0.25511;0.71038;0.17547;0.23803;0.58796;0.45135;0.022264;0.058272
0;0.68635;86;3;38.587;0;22.325;84.993;-0.024296;169.98;0.48358;0.29319;0.27553;0.26595;0.042456;0.41744;0.3719;0.13691;0.069268
0;0.95688;86;3;38.557;0;18.469;84.702;0.092066;169.39;0.19504;0.4091;0.39252;0.251;0.48138;0.40588;0.74257;0.22172;0.10239
0;0.79866;86;3;38.552;0;26.498;84.653;-0.24666;169.3;0.16318;0.3123;0.59012;0.13197;0.10374;0.51312;0.49097;0.13282;0.17437
0;0.72377;86;4;38.563;0;2.73;84.757;0.12591;169.51;0.14287;0.36813;0.41394;0.17544;0.14547;0.53792;0.38431;0.025293;0.089761
0;0.76191;86;4;38.537;0;27.828;84.507;-0.080883;169.01;0.23442;0.17204;0.517;0.14008;0.48985;0.38458;0.38816;0.093776;0.10936
0;0.75667;86;3;38.537;0;26.535;84.507;-0.054794;169.01;0.25745;0.23276;0.55888;0.031073;0.36855;0.44388;0.40642;0.12759;0.059591
0;0.82886;86;3;38.555;0;24.982;84.685;-0.18662;169.36;0.33948;0.3344;0.59432;0.16312;0.21288;0.49194;0.38745;0.14043;0.0615
0;0.93253;89;3;3.88;-67928;19.501;87.109;0.24307;174.21;0.28213;0.18418;0.12448;0.14278;0.10792;0.83932;0.70279;0.061193;0.15502
0;0.95838;89;5;38.715;-66461;28.085;86.258;0.40137;172.5;0.56919;0.21181;0.17949;0.041927;0.13424;0.77943;0.63703;0.11469;0.098065
0;0.92426;88;3;38.767;-67355;20.218;86.778;-0.11764;173.55;0.67187;0.073919;0.16244;0.31697;0.16348;0.44708;0.70317;0.27591;0.19331
0;0.78345;88;2;38.799;-67897;16.468;87.092;-0.1553;174.18;0.2781;0.094343;0.22809;0.1431;0.19432;0.73531;0.47666;0.050883;0.078792
0;0.76069;87;3;3.87;-66192;19.983;86.101;-0.24572;172.2;0.3141;0.16574;0.072721;0.24335;0.41737;0.5256;0.51562;0.1551;0.071086
0;0.79302;88;2;38.803;-67965;16.267;87.131;-0.23001;174.25;0.31974;0.094972;0.18826;0.074264;0.24418;0.64132;0.61279;0.084592;0.025941
0;0.92385;88;3;38.751;0;1.988;86.617;0.25815;173.23;0.67435;0.34637;0.29722;0.1535;0.15982;0.65405;0.57589;0.093136;0.063048
0;0.98989;88;4;3.874;0;20.245;86.511;-0.36566;173.01;0.67257;0.41246;0.22766;0.23533;0.2736;0.59191;0.68549;0.14968;0.085996
0;0.89444;89;3;38.812;0;22.022;87.226;0.19419;174.44;0.26871;0.31492;0.090412;0.2038;0.044228;0.79232;0.67215;0.035203;0.10538
0;0.97086;88;4;3.87;0;23.206;86.107;0.47767;172.2;0.57111;0.34111;0.19479;0.29261;0.1385;0.76367;0.52547;0.28384;0.21635
0;0.79105;88;3;38.776;0;16.845;86.865;0.22758;173.72;0.56122;0.25804;0.13285;0.17023;0.046178;0.57339;0.51467;0.077074;0.071667
0;0.8803;88;3;38.786;0;27.446;86.965;-0.61445;173.92;0.52215;0.19371;0.40952;0.18291;0.11763;0.72461;0.51721;0.051048;0.11183
0;0.84119;87;2;38.694;0;14.215;86.051;-0.088702;172.09;0.51566;0.36191;0.037155;0.15336;0.17318;0.73712;0.40817;0.2127;0.06696
0;0.67134;88;2;38.804;0;21.994;87.143;-0.17248;174.28;0.13308;0.25389;0.068065;0.13291;0.22276;0.58336;0.46213;0.12292;0.065093
0;10.858;88;3;38.736;0;17.244;86.475;0.078406;172.94;0.96247;0.28077;0.31281;0.23914;0.39057;0.56973;0.66933;0.09606;0.059841
0;0.97332;88;4;38.743;0;21.326;86.54;-0.4923;173.07;0.46923;0.28249;0.30372;0.11241;0.35407;0.84137;0.55267;0.15281;0.095155
0;0.70171;88;2;38.813;0;2.056;87.228;-0.34292;174.45;0.21789;0.20041;0.15346;0.1073;0.18177;0.59953;0.51555;0.12285;0.06635
0;0.94375;88;3;3.871;0;24.219;86.207;0.51402;172.4;0.39802;0.21967;0.10461;0.4114;0.2365;0.65823;0.65438;0.31466;0.17926
0;0.83044;88;3;38.782;0;30.916;86.924;-0.65142;173.84;0.53909;0.23941;0.12383;0.12001;0.20856;0.64585;0.55288;0.14798;0.064461
0;0.96792;88;3;38.788;0;21.288;86.986;-0.49336;173.96;0.29586;0.34412;0.062207;0.21567;0.18647;0.6889;0.69022;0.35372;0.23173
0;10.493;88;3;38.702;0;21.145;86.136;0.55618;172.26;0.79051;0.21787;0.095589;0.26605;0.18079;0.79932;0.65246;0.070225;0.11072
0;0.75378;88;3;38.795;0;18.466;87.052;-0.10811;174.1;0.31342;0.30984;0.12725;0.16797;0.13057;0.64126;0.49553;0.057538;0.093733
0;0.95355;88;3;38.751;0;22.183;86.614;-0.41398;173.22;0.86843;0.042763;0.19252;0.28084;0.08339;0.5088;0.60771;0.10341;0.13886
0;0.98079;88;3;38.725;0;20.581;86.358;0.23555;172.7;0.54635;0.34189;0.22298;0.37578;0.11439;0.8228;0.52966;0.18323;0.098257
0;0.66671;88;2;38.805;0;22.236;87.151;-0.17769;174.3;0.13301;0.25977;0.074703;0.12687;0.21798;0.5711;0.47425;0.12993;0.064953
0;10.504;88;3;38.713;0;18.865;86.237;0.32149;172.46;10.282;0.10176;0.3102;0.10819;0.18253;0.65913;0.55532;0.09439;0.06131
0;0.87311;88;3;38.774;0;25.309;86.85;-0.42107;173.69;0.5024;0.35178;0.25017;0.18596;0.097428;0.68526;0.57326;0.054438;0.051667
0;0.89122;88;3;38.801;0;2.339;87.112;-0.59456;174.22;0.18496;0.27252;0.092723;0.16652;0.21825;0.58178;0.76621;0.23922;0.21502
0;0.88626;87;3;3.867;0;14.293;85.815;0.34572;171.62;0.4482;0.23503;0.060691;0.045476;0.12692;0.77939;0.6113;0.13825;0.059216
0;0.72572;88;2;38.783;0;19.053;86.935;0.10453;173.86;0.22477;0.040431;0.17263;0.069757;0.39237;0.67322;0.32358;0.13117;0.1434
0;0.92366;88;3;38.757;0;20.136;86.674;0.05775;173.34;0.82058;0.39408;0.1973;0.12828;0.27704;0.54056;0.49375;0.11185;0.057828
0;0.79974;88;4;38.706;0;19.736;86.168;-0.23457;172.33;0.24114;0.30308;0.36507;0.17263;0.32909;0.60312;0.44133;0.19012;0.063271
0;0.83113;88;3;38.801;0;15.378;87.11;-0.21978;174.21;0.2385;0.26951;0.035314;0.071047;0.30765;0.70187;0.53904;0.21227;0.22167
0;0.98296;88;4;38.723;0;21.655;86.334;0.26002;172.66;0.63307;0.11874;0.1632;0.11669;0.050848;0.82976;0.7072;0.043011;0.0044442
0;10.092;88;4;38.747;0;18.974;86.573;0.17618;173.14;0.65332;0.31725;0.32662;0.044978;0.39425;0.67644;0.54233;0.28796;0.053028
0;0.66567;88;2;38.805;0;22.301;87.149;-0.17382;174.29;0.1373;0.2555;0.074727;0.12393;0.21151;0.57067;0.47476;0.13361;0.074489
0;0.73946;87;3;38.696;0;19.255;86.068;-0.13186;172.13;0.51539;0.091177;0.078838;0.17195;0.10624;0.5914;0.48609;0.0678;0.061355
0;0.93492;88;3;38.785;0;2.601;86.956;-0.65212;173.9;0.37123;0.27707;0.29974;0.18057;0.317;0.72576;0.59893;0.23526;0.13198
0;11.026;89;4;38.804;0;21.527;87.154;-0.30107;174.29;0.22339;0.22787;0.20305;0.23195;0.1285;10.033;0.85868;0.08465;0.11991
0;10.864;88;3;38.699;0;19.486;86.107;0.52701;172.2;0.69442;0.37658;0.14025;0.29005;0.40821;0.68193;0.73895;0.32212;0.04926
0;0.75378;88;2;38.795;0;17.665;87.052;-0.080612;174.1;0.32684;0.1497;0.14224;0.045049;0.12435;0.6912;0.50751;0.08405;0.07967
0;10.134;88;3;38.746;0;18.803;86.568;0.04127;173.12;0.96362;0.29377;0.29008;0.25714;0.26879;0.5528;0.52592;0.07787;0.03691
0;0.98391;88;4;38.722;0;23.158;86.328;-0.2235;172.65;0.60394;0.43332;0.29772;0.083775;0.17695;0.71346;0.56272;0.15215;0.05675
0;0.9753;89;3;38.812;0;17.722;87.23;0.033107;174.45;0.22295;0.064782;0.14027;0.29078;0.081342;0.89178;0.76586;0.031654;0.10983
0;0.91854;88;3;38.726;0;19.246;86.369;-0.31028;172.73;0.41484;0.072227;0.081662;0.11711;0.20716;0.66003;0.73919;0.27108;0.25511
0;0.84919;88;3;38.756;0;1.882;86.67;0.52359;173.33;0.47011;0.16778;0.10874;0.19044;0.16747;0.73107;0.52206;0.10906;0.1356
0;0.69272;88;3;38.803;0;22.109;87.13;-0.20927;174.25;0.14492;0.29178;0.078734;0.13973;0.27154;0.52417;0.51209;0.094886;0.10958
0;0.83706;88;4;38.708;0;21.966;86.19;-0.038759;172.37;0.42994;0.18844;0.11919;0.035137;0.15376;0.73007;0.5591;0.14745;0.042789
0;0.94497;89;4;38.815;0;21.985;87.261;0.25152;174.51;0.29561;0.27136;0.074213;0.14556;0.088986;0.8367;0.71555;0.092869;0.13377
0;0.99819;89;4;38.806;0;26.594;87.164;-0.52232;174.32;0.35024;0.32111;0.083597;0.15939;0.118;0.60842;0.8912;0.32388;0.21017
0;10.518;88;3;38.712;0;18.932;86.235;0.33282;172.46;0.44111;0.31267;0.099549;0.34592;0.11772;0.8873;0.76681;0.076107;0.17048
0;0.82228;89;3;3.881;0;27.811;87.207;0.43473;174.41;0.23349;0.079652;0.15403;0.17526;0.28839;0.65898;0.6121;0.23248;0.11143
0;10.176;88;3;38.745;0;18.693;86.562;0.055247;173.11;0.97974;0.28134;0.3169;0.24651;0.25978;0.54517;0.52302;0.079678;0.056841
0;0.984;88;3;38.746;0;2.095;86.567;-0.49351;173.12;0.77369;0.25801;0.25617;0.14127;0.095499;0.77422;0.57795;0.065247;0.06519
0;0.88809;89;3;3.881;0;22.962;87.206;0.26783;174.4;0.014394;0.32048;0.20097;0.26066;0.30757;0.51656;0.77055;0.31091;0.090667
0;0.99949;88;4;38.702;0;22.576;86.135;0.51795;172.26;0.64153;0.34795;0.145;0.096553;0.098906;0.81616;0.68302;0.11597;0.076747
0;0.93264;88;3;38.741;0;20.954;86.522;0.51772;173.03;0.62597;0.23875;0.23812;0.16781;0.2055;0.77029;0.46657;0.24771;0.1684
0;0.73911;88;2;38.797;0;18.387;87.072;-0.10894;174.14;0.3021;0.11434;0.18561;0.10369;0.15414;0.65607;0.52433;0.10164;0.040365
0;0.92313;87;3;38.696;0;27.029;86.073;-0.74967;172.14;0.49516;0.046991;0.10025;0.10074;0.33508;0.76468;0.63934;0.18879;0.044743
0;0.8249;88;3;38.781;0;20.782;86.916;-0.12926;173.82;0.32237;0.13747;0.23165;0.12177;0.1574;0.7548;0.41071;0.25928;0.13978
0;0.96878;87;3;38.654;-65439;1.807;85.658;0.2171;171.31;0.65773;0.38649;0.31594;0.20751;0.20046;0.6714;0.63887;0.064329;0.068789
0;0.85639;88;3;38.784;-67641;14.148;86.943;0.098232;173.88;0.30699;0.30673;0.035618;0.24703;0.25002;0.69298;0.62049;0.093636;0.11211
0;0.90993;87;3;38.657;-65478;25.373;85.681;-0.57842;171.35;0.64504;0.077585;0.24128;0.19577;0.22673;0.70359;0.57507;0.090628;0.1018
0;0.83837;88;3;38.756;-67161;1.82;86.665;0.6639;173.32;0.45665;0.13144;0.14768;0.25696;0.25285;0.73344;0.48555;0.089294;0.077897
0;11.621;88;4;38.701;-66231;21.969;86.122;0.079047;172.23;0.9644;0.12842;0.14628;0.20925;0.29342;0.83198;0.73205;0.1483;0.055717
0;0.93744;88;3;38.739;-66864;21.202;86.492;0.029965;172.97;0.48912;0.12203;0.39612;0.067477;0.18218;0.80175;0.57133;0.18482;0.048606
0;12.586;88;3;38.709;0;14.811;86.21;0.39708;172.4;0.98212;0.39374;0.12833;0.073443;0.38743;10.563;0.45617;0.34584;0.1207
0;0.9451;88;4;38.724;0;19.861;86.346;-0.20577;172.68;0.4726;0.21757;0.3995;0.080331;0.21952;0.72751;0.6451;0.080408;0.11771
0;11.293;88;3;38.734;0;16.781;86.453;0.36569;172.89;0.95629;0.54778;0.11292;0.22011;0.098525;0.76345;0.61097;0.057889;0.099509
0;1.066;88;4;38.723;0;17.841;86.342;0.056319;172.67;0.56891;0.19328;0.1287;0.068278;0.41932;0.83866;0.77472;0.16987;0.056589
0;10.821;88;3;38.727;0;18.221;86.38;0.31544;172.75;0.97023;0.39176;0.29819;0.22697;0.11397;0.72206;0.53485;0.038224;0.059519
0;0.91701;88;4;38.726;0;19.007;86.37;-0.47566;172.73;0.53502;0.14797;0.31574;0.10483;0.18531;0.84026;0.34281;0.3035;0.087211
0;10.473;88;4;38.727;0;20.832;86.383;0.5968;172.75;0.86983;0.19802;0.19872;0.037128;0.269;0.67343;0.69379;0.043522;0.15251
0;0.93624;88;4;38.728;0;20.481;86.386;-0.28803;172.76;0.67568;0.35192;0.3162;0.17837;0.20584;0.65388;0.56965;0.059276;0.046093
0;10.068;88;4;38.729;0;21.895;86.398;0.50479;172.79;0.78633;0.2498;0.20816;0.10393;0.056396;0.76897;0.64109;0.053632;0.068748
0;10.941;88;4;38.726;0;27.335;86.374;-0.41038;172.73;0.6165;0.34656;0.20307;0.15021;0.29851;0.81811;0.8082;0.11262;0.04279
0;11.344;88;4;38.724;0;26.935;86.357;-0.46151;172.7;0.80861;0.45552;0.24028;0.16371;0.4392;0.4406;0.82976;0.29095;0.11167
0;11.702;88;4;38.724;0;21.956;86.355;-0.040507;172.69;0.64336;0.010008;0.08405;0.086871;0.14421;1.005;0.88122;0.21476;0.13995
0;10.527;87;3;38.692;0;27.426;86.028;-0.96907;172.04;0.94091;0.41386;0.13214;0.39443;0.27958;0.63896;0.47352;0.081729;0.14415
0;10.213;88;3;38.732;0;19.834;86.43;0.40635;172.85;0.6055;0.20863;0.30706;0.21435;0.14381;0.8072;0.72399;0.097046;0.041656
0;10.366;88;4;38.698;0;25.815;86.087;-0.17259;172.16;0.80223;0.081178;0.17711;0.16531;0.17481;0.8708;0.52405;0.019213;0.16806
0;0.93038;88;3;38.736;0;21.534;86.467;0.11224;172.92;0.36885;0.35988;0.39199;0.15033;0.45911;0.758;0.33021;0.26631;0.095991
0;10.571;88;3;38.712;0;18.636;86.235;0.31783;172.46;10.017;0.2232;0.06264;0.12254;0.30569;0.68452;0.57183;0.12963;0.061855
0;0.9297;88;3;38.732;0;19.968;86.423;-0.34391;172.84;0.44117;0.27641;0.30982;0.12981;0.14887;0.79365;0.61396;0.041914;0.098686
0;11.651;88;4;38.701;0;19.451;86.126;0.63949;172.24;11.465;0.16298;0.22712;0.078899;0.14175;0.7466;0.65875;0.029648;0.12863
0;0.82595;88;4;38.715;0;18.452;86.254;-0.40857;172.5;0.43997;0.12077;0.18872;0.20479;0.24688;0.66184;0.54456;0.11612;0.059385
0;11.478;88;4;38.704;0;19.343;86.158;0.56847;172.3;1.105;0.22142;0.049114;0.16783;0.21526;0.72903;0.55618;0.29396;0.077145
0;0.87627;88;3;38.742;0;23.515;86.525;-0.5131;173.04;0.50815;0.33022;0.29281;0.13536;0.15498;0.63089;0.61391;0.11992;0.10669
0;0.90056;88;4;38.712;0;29.936;86.23;0.79476;172.45;0.82458;0.21955;0.11146;0.17245;0.25765;0.55902;0.52394;0.09074;0.052291
0;0.96171;88;4;38.757;0;31.763;86.676;-0.79716;173.34;0.66988;0.41782;0.14941;0.11736;0.12601;0.68047;0.62689;0.14992;0.11138
0;0.91629;88;3;3.872;0;2.561;86.307;0.60291;172.6;0.79753;0.18463;0.064153;0.074312;0.16034;0.63046;0.60225;0.028179;0.0092147
0;0.91036;88;4;38.748;0;24.519;86.587;-0.57391;173.16;0.64403;0.38454;0.10438;0.2797;0.15202;0.55761;0.57717;0.2334;0.083276
0;0.97519;88;4;38.725;0;23.289;86.355;0.56194;172.7;0.79939;0.21276;0.13674;0.084451;0.084001;0.69452;0.67513;0.076883;0.080873
0;0.82052;88;3;38.764;0;27.654;86.747;-0.42042;173.49;0.66832;0.32241;0.15523;0.077178;0.06629;0.55008;0.50357;0.028108;0.073482
0;10.895;88;4;38.733;0;24.982;86.443;-0.45959;172.87;0.55139;0.15766;0.24127;0.075967;0.21693;0.88086;0.86933;0.081188;0.12361
0;0.99922;88;4;38.755;0;26.192;86.657;-0.30597;173.3;0.61783;0.091743;0.32279;0.15488;0.04666;0.77577;0.68643;0.13068;0.12129
0;11.631;88;4;38.727;0;31.032;86.381;-10.671;172.75;0.99004;0.33326;0.24656;0.26955;0.31327;0.68041;0.70521;0.20727;0.14564
0;0.9279;88;3;38.744;0;20.466;86.551;0.46613;173.09;0.65018;0.19752;0.14351;0.017507;0.069334;0.77435;0.60894;0.060661;0.043088
0;11.511;88;3;38.737;0;15.608;86.483;-0.072024;172.95;10.782;0.34468;0.20719;0.1255;0.26032;0.78736;0.53491;0.14857;0.047164
0;0.88986;88;3;38.751;0;23.085;86.614;-0.18072;173.22;0.31853;0.34387;0.22463;0.10326;0.4933;0.5861;0.61943;0.1184;0.1353
0;0.96443;88;4;38.738;0;21.223;86.491;0.45212;172.97;0.7577;0.29605;0.29243;0.19199;0.21863;0.69887;0.50243;0.1029;0.072104
0;10.033;88;4;38.748;0;21.299;86.588;-0.53666;173.16;0.81661;0.15841;0.20753;0.1253;0.29448;0.64897;0.57163;0.30985;0.14602
0;0.94043;88;4;38.721;0;2.489;86.321;0.56226;172.63;0.80716;0.19314;0.087158;0.07179;0.13778;0.64284;0.61082;0.027937;0.016732
0;11.434;88;4;38.744;0;27.807;86.556;-0.69847;173.1;0.922;0.46501;0.26996;0.2613;0.26592;0.58067;0.63341;0.34507;0.16802
0;10.768;88;4;3.874;0;31.692;86.512;-0.83026;173.01;0.59507;0.29839;0.31838;0.11341;0.13452;0.85616;0.78342;0.20138;0.056104
0;0.93266;88;3;38.743;0;20.583;86.54;0.47739;173.07;0.66761;0.2116;0.17441;0.033648;0.10023;0.74117;0.63981;0.060379;0.044984
0;11.927;88;4;38.747;0;25.765;86.584;-0.6769;173.15;0.66853;0.4187;0.27407;0.20624;0.27024;0.64766;10.027;0.2008;0.25119
0;0.97348;88;3;38.732;0;21.841;86.426;0.58551;172.84;0.75833;0.25175;0.22118;0.11636;0.12141;0.75645;0.58812;0.054998;0.049771
0;10.804;88;4;38.754;0;23.765;86.648;-0.49321;173.28;0.98598;0.21025;0.1882;0.1671;0.2065;0.72238;0.57206;0.11514;0.11385
0;1.084;88;3;38.727;0;18.195;86.38;0.3197;172.75;0.92742;0.30754;0.15014;0.12333;0.092737;0.79069;0.63643;0.14955;0.082465
0;0.99401;88;3;38.761;0;20.995;86.718;-0.35446;173.42;0.63989;0.28568;0.18247;0.27141;0.22242;0.82565;0.57837;0.071851;0.12584
0;10.349;88;3;3.873;0;19.614;86.409;0.39057;172.8;0.81766;0.43644;0.25017;0.10304;0.15742;0.6854;0.56093;0.19359;0.20523
0;0.98424;88;3;38.765;0;22.551;86.759;-0.48724;173.51;0.57872;0.25248;0.21932;0.22229;0.1376;0.85058;0.62987;0.015652;0.056965
0;10.414;88;3;38.739;0;18.374;86.499;0.2969;172.99;0.89013;0.52041;0.40023;0.13151;0.26621;0.63899;0.45964;0.10162;0.047131
0;0.80371;88;3;38.797;0;30.405;87.069;-0.64383;174.13;0.54904;0.11696;0.12296;0.21634;0.03571;0.55996;0.55101;0.16634;0.050093
0;10.497;88;3;38.728;0;19.485;86.387;0.41448;172.76;0.92016;0.3876;0.21527;0.08746;0.19261;0.76276;0.49994;0.0272;0.11349
0;0.75764;88;3;38.796;0;18.298;87.059;-0.11921;174.11;0.25079;0.13235;0.10453;0.20958;0.17576;0.69156;0.46842;0.16514;0.07791
0;10.015;88;3;38.726;0;21.728;86.371;0.55703;172.73;0.80334;0.10016;0.11245;0.30094;0.17062;0.71566;0.6101;0.20486;0.15341
0;0.88445;89;3;38.809;0;23.272;87.194;0.29082;174.38;0.26692;0.1283;0.17121;0.17929;0.43172;0.8261;0.4478;0.11547;0.17206
0;0.97637;88;3;38.712;0;23.475;86.23;0.54591;172.45;0.74808;0.093514;0.11215;0.082377;0.11649;0.78974;0.63761;0.047048;0.043854
